Row,Status,Error,Preview
2,✅ Success,,"A WPS qualified per ASME IX uses GTAW root pass on P-No.8 (316L SS), 2G position..."
3,✅ Success,,"During P91 production welding per SAES-W-011, preheat is found at 175°C at tacki..."
4,✅ Success,,A welder's WPQ was last verified 7 months ago. The QC Manager states it is still...
5,✅ Success,,"An RT film of a butt weld (ASME B31.3 Normal Fluid Service, 12 mm wall) shows a ..."
6,✅ Success,,SAES-W-011 requires PMI for all P5 chrome-moly filler materials. An E9018-B3 ele...
7,✅ Success,,A repair excavation PT reveals a defect extending to 14 mm depth (70% through-wa...
8,✅ Success,,"A welder qualifies in 6G position, SMAW, 25 mm carbon steel pipe per ASME IX. A ..."
9,✅ Success,,Visual inspection of a completed socket weld (ASME B31.3) shows a 5 mm fillet on...
10,✅ Success,,PWHT records for a P22 nozzle weld show 720°C for 60 minutes. SAES-W-014 require...
11,✅ Success,,A weld map shows W-42 was executed using WPS-CS-04. An audit reveals WPS-CS-04 w...
12,✅ Success,,The MTC for API 5L X65 shows CE = 0.43. The approved WPS specifies a maximum pre...
13,✅ Success,,An RT film of a 16 mm girth weld (ASME B31.3 Normal Fluid Service) shows a 3.5 m...
14,✅ Success,,A low-hydrogen E7018 electrode has been in the welder's quiver for 3 hours 55 mi...
15,✅ Success,,"A welder qualifies 6G SMAW on 2-inch NPS (60.3 mm OD), 25 mm wall, P-No.1 carbon..."
16,✅ Success,,"During FCAW of A36 structural steel per AWS D1.1, the interpass temperature is 3..."
17,✅ Success,,"Visual inspection of a completed pressure pipe weld (ASME B31.3, 8 mm wall) show..."
18,✅ Success,,An E316L electrode batch shows delta ferrite = 3 FN on the MTC. SAES-W-011 requi...
19,✅ Success,,"For ASTM A516 Gr.70 (C=0.28, Mn=1.0, no significant other alloys), CE = C + Mn/6..."
20,✅ Success,,"After PWHT of P5B (9Cr-1Mo) pipe for sour service, a hardness survey shows HV10 ..."
21,✅ Success,,"During MPI of a structural fillet weld per ASME V Article 7, the AC yoke lifts e..."
22,✅ Success,,"During an audit, the heat numbers on three P22 pipe spools do not match the MTCs..."
23,✅ Success,,A completed weld in ASME B31.3 Category D Fluid Service (gauge pressure <150 psi...
24,✅ Success,,An E7018 lot certification meets AWS A5.1 E7018 chemistry but does not include a...
25,✅ Success,,A WPQT root bend test specimen for a 2G pipe weld shows a 4.2 mm crack on the te...
26,✅ Success,,During a hydrostatic hold at 1.5× design pressure (test pressure 15 bar) for 10 ...
27,✅ Success,,Automated orbital GTAW of 316L SS tubing requires <20 ppm oxygen back-purge befo...
28,✅ Success,,A P91 girth weld cools to ambient temperature during a 35-minute safety evacuati...
29,✅ Success,,"An RT film of a pressure vessel shell seam (ASME VIII Div.1, 18 mm wall) shows a..."
30,✅ Success,,The WPS requires E7018-H4R electrodes. Incoming electrodes are E7018-H4 without ...
31,✅ Success,,"Weld Joint W-107 (DN50 nozzle-to-shell weld, ASME VIII Div.1) has no RT, UT, or ..."
32,✅ Success,,A pipe-to-pipe girth weld fit-up (ASME B31.3) shows internal misalignment of 2.0...
33,✅ Success,,Fifteen P22 welds were completed using an unapproved WPS over 6 days. The welds ...
34,✅ Success,,A PWHT soak record shows TC1–TC5 on the weld/HAZ at 720°C while TC6 on the base ...
35,✅ Success,,An RT film shows a density of 4.3 H&D. The procedure requires 1.8–4.0 H&D for Cl...
36,✅ Success,,A WPS for 9% Ni steel A333 Gr.8 cryogenic service at −196°C is proposed using a ...
37,✅ Success,,"After a hydrostatic test, a leak is found at W-55 — a weld that had been release..."
38,✅ Success,,A WIR for Weld W-88 was signed by an inspector whose CSWIP Level II certificatio...
39,✅ Success,,XRF of an E9018-B3 electrode coating shows Cr = 2.1%. The MTC specifies Cr = 2.2...
40,✅ Success,,A pre-weld full-penetration T-joint fit-up for structural steel shows: root open...
41,✅ Success,,A welder performing a 6G position SMAW weld at 220 A is using a shade No. 8 helm...
42,❌ Failed,Discipline and question are required. MCQ points must be 1; other question types must be 1-10.,During routine QC surveillance you discover 15 P22 pipe spool welds were complet...
43,❌ Failed,Discipline and question are required. MCQ points must be 1; other question types must be 1-10.,"A QC audit reveals that 3 approved WPSs cover a fabrication shop, but 7 distinct..."
44,❌ Failed,Discipline and question are required. MCQ points must be 1; other question types must be 1-10.,A P91 pressure piping girth weld fails PWHT acceptance (HAZ hardness HV10 = 310 ...
45,❌ Failed,Discipline and question are required. MCQ points must be 1; other question types must be 1-10.,During an electrode traceability audit of 50 E316L electrodes (MTC heat 2024-XYZ...
46,❌ Failed,Discipline and question are required. MCQ points must be 1; other question types must be 1-10.,An NDT subcontractor's Level II RT technician has been signing films for 3 weeks...
47,❌ Failed,Discipline and question are required. MCQ points must be 1; other question types must be 1-10.,A sour service pipeline project requires low-hydrogen process per SAES-W-011. Po...
48,❌ Failed,Discipline and question are required. MCQ points must be 1; other question types must be 1-10.,Welder continuity logs have not been maintained for 3 months at a vendor facilit...
49,❌ Failed,Discipline and question are required. MCQ points must be 1; other question types must be 1-10.,A WPS qualifies SMAW for P-No.1 carbon steel based on a 13 mm PQR test coupon. A...
50,❌ Failed,Discipline and question are required. MCQ points must be 1; other question types must be 1-10.,A 316L SS piping system for a seawater lift pump experiences weld HAZ cracking 1...
51,❌ Failed,Discipline and question are required. MCQ points must be 1; other question types must be 1-10.,"A PQR test for P91 pipe welding used a 25 mm coupon, but production requires wel..."
52,❌ Failed,Discipline and question are required. MCQ points must be 1; other question types must be 1-10.,A P5B 6G WPQT root bend fails. The supervisor claims the specimen was machined 3...
53,❌ Failed,Discipline and question are required. MCQ points must be 1; other question types must be 1-10.,Describe the complete QC documentation package required to close out a single pr...
54,❌ Failed,Discipline and question are required. MCQ points must be 1; other question types must be 1-10.,The contractor proposes local PWHT using flexible ceramic resistance pads for al...
55,❌ Failed,Discipline and question are required. MCQ points must be 1; other question types must be 1-10.,You are auditing a welding subcontractor's filler material management system. De...
56,❌ Failed,Discipline and question are required. MCQ points must be 1; other question types must be 1-10.,A TOFD scan of a 40 mm thick pressure vessel seam shows a laterally diffracted s...
57,❌ Failed,Discipline and question are required. MCQ points must be 1; other question types must be 1-10.,A completed duplex SS 2205 pipe weld fails ferrite testing at 68 FN (project lim...
58,❌ Failed,Discipline and question are required. MCQ points must be 1; other question types must be 1-10.,An ITP audit finds 100% of girth welds signed off by the contractor QC Inspector...
59,❌ Failed,Discipline and question are required. MCQ points must be 1; other question types must be 1-10.,Compare ASME B31.3 weld acceptance criteria for Normal Fluid Service vs. Severe ...
60,❌ Failed,Discipline and question are required. MCQ points must be 1; other question types must be 1-10.,A client representative issues a Stop Work Order on 50 weld joints because weldi...
61,❌ Failed,Discipline and question are required. MCQ points must be 1; other question types must be 1-10.,You discover that hydrotest water used on P91 creep-resistant piping had uncontr...
62,✅ Success,,The production supervisor tells you stopping the welder for missing preheat docu...
63,✅ Success,,"Without using a code book, explain the difference between a WPS, a PQR, and a WP..."
64,✅ Success,,You arrive at a P91 girth weld mid-root pass and notice the welder has no calibr...
65,✅ Success,,"Without looking at a code, explain what an 'essential variable' is in the contex..."
66,✅ Success,,You find an RT film with a 6 mm linear indication at the fusion line called 'sla...
67,✅ Success,,How do you verify that a PWHT temperature chart recorder is producing reliable d...
68,✅ Success,,A newly arrived welder presents a WPQ test certification card from a previous em...
69,✅ Success,,Describe step-by-step how you proceed from being assigned to inspect a girth wel...
70,✅ Success,,The NDT technician tells you the radiograph shows 'no recordable indications.' I...
71,✅ Success,,A welder completes a weld and immediately begins grinding the cap without your p...
72,✅ Success,,What is hydrogen cracking and why is it particularly relevant for P91 pipe welds...
73,✅ Success,,You review a film that a Level II technician has accepted. You identify what app...
74,✅ Success,,Explain why socket welds are not typically used in severe cyclic service or when...
75,✅ Success,,The contractor QC Manager says an NCR you issued for a failed PWHT is 'invalid' ...
76,✅ Success,,What is delta ferrite and why does SAES-W-011 require a minimum ferrite level in...
77,✅ Success,,During a site audit you find E7018 electrodes in open cardboard boxes exposed to...
78,✅ Success,,You observe arc strikes adjacent to a completed weld on the base metal. What is ...
79,✅ Success,,You are called because a pneumatic pressure test on a P91 pipe spool discovered ...
80,✅ Success,,What is the significance of the 'F-number' of a filler metal in ASME IX and how ...
81,✅ Success,,A senior welding foreman tells you 'We've been doing this for 30 years and never...
82,❌ Failed,Discipline and question are required. MCQ points must be 1; other question types must be 1-10.,You receive a P91 PWHT chart showing: ramp rate 120°C/hr (spec max 100°C/hr); so...
83,❌ Failed,Discipline and question are required. MCQ points must be 1; other question types must be 1-10.,Review this WPS for a P22 (P-No.5A) GTAW sour service application and identify a...
84,❌ Failed,Discipline and question are required. MCQ points must be 1; other question types must be 1-10.,An RT film of a 12 mm wall CS butt weld (ASME B31.3 Normal Fluid Service) shows:...
85,❌ Failed,Discipline and question are required. MCQ points must be 1; other question types must be 1-10.,Verify the following A335 P91 MTC against ASTM A335 Grade P91 requirements: C=0....
86,❌ Failed,Discipline and question are required. MCQ points must be 1; other question types must be 1-10.,A WPQT bend test record shows: Face Bend 1 — no cracks; Face Bend 2 — 2.8 mm cra...
87,❌ Failed,Discipline and question are required. MCQ points must be 1; other question types must be 1-10.,Review this P91 pipe weld ITP and identify any missing or incorrectly designated...
88,❌ Failed,Discipline and question are required. MCQ points must be 1; other question types must be 1-10.,Review this WIR for Weld W-201 and flag all discrepancies: WPS No.: WPS-P91-01; ...
89,❌ Failed,Discipline and question are required. MCQ points must be 1; other question types must be 1-10.,A production welding log shows welder WLD-012 deposited 42 welds in January usin...
90,❌ Failed,Discipline and question are required. MCQ points must be 1; other question types must be 1-10.,Examine this PQR and determine if it can support the proposed WPS: PQR — P-No.1 ...
91,❌ Failed,Discipline and question are required. MCQ points must be 1; other question types must be 1-10.,You inspect the electrode storage area and observe: (a) E7018-H4R in holding ove...
92,❌ Failed,Discipline and question are required. MCQ points must be 1; other question types must be 1-10.,Evaluate these 316L SS GTAW root oxidation colours and state acceptability for a...
93,❌ Failed,Discipline and question are required. MCQ points must be 1; other question types must be 1-10.,Review the welder qualification matrix and identify the one production weld NOT ...
94,❌ Failed,Discipline and question are required. MCQ points must be 1; other question types must be 1-10.,Identify all nonconformances in this carbon steel girth weld fit-up inspection (...
95,❌ Failed,Discipline and question are required. MCQ points must be 1; other question types must be 1-10.,A PAUT report for a 20 mm wall CRA-clad pipe weld shows an indication at 3–5 mm ...
96,❌ Failed,Discipline and question are required. MCQ points must be 1; other question types must be 1-10.,Review this PWHT soak record. WPS requirement: 690°C–720°C for 1 hour minimum. C...
97,❌ Failed,Discipline and question are required. MCQ points must be 1; other question types must be 1-10.,"Weld W-303 (P91, 2-inch SCH 160) was released for hydrotest. The weld file conta..."
98,❌ Failed,Discipline and question are required. MCQ points must be 1; other question types must be 1-10.,Review this MPI report for structural fillet welds: AC electromagnetic yoke; lif...
99,❌ Failed,Discipline and question are required. MCQ points must be 1; other question types must be 1-10.,Identify what is missing from this P91 pressure pipe weld traveler: WPS: WPS-P91...
100,❌ Failed,Discipline and question are required. MCQ points must be 1; other question types must be 1-10.,A WPS proposes GMAW short-circuit transfer (GMAW-S) for an ASME B31.3 pressure p...
101,❌ Failed,Discipline and question are required. MCQ points must be 1; other question types must be 1-10.,Design the scope of a weld repair on a P91 girth weld with a 12 mm deep PAUT ind...
102,✅ Success,,"During piping pressure testing per ASME B31.3, the inspector finds that a pressu..."
103,✅ Success,,"During flange bolt torquing per SAES-L-350 and ASME PCC-1, the inspector notices..."
104,✅ Success,,A piping isometric drawing specifies pipe branch connection type as a reinforced...
105,✅ Success,,A flange face inspection reveals a spiral-wound gasket seated in a raised-face f...
106,✅ Success,,A 6-inch Class 600 carbon steel gate valve arrives at site with an ASME B16.34 t...
107,✅ Success,,During incoming inspection of A234 WPB carbon steel pipe fittings (elbows and te...
108,✅ Success,,A piping hydrotest requires the system to be filled with water at ambient temper...
109,✅ Success,,"During routing inspection of a piping spool, the inspector finds that a section ..."
110,✅ Success,,A piping spool fabricated from ASTM A312 TP316L SS requires 100% PMI verificatio...
111,✅ Success,,A piping inspection reveals that a check valve was installed in the reverse flow...
112,✅ Success,,An API 570 inspection of an operating piping system shows a corrosion rate of 0....
113,✅ Success,,"During inspection of a newly completed 10-inch carbon steel piping system, the Q..."
114,✅ Success,,During field routing inspection of a 4-inch Class 300 stainless steel piping sys...
115,✅ Success,,"During hydrostatic testing of a carbon steel process piping system, the test tem..."
116,✅ Success,,A B31.3 pneumatic leak test is proposed as an alternative to the hydrostatic tes...
117,✅ Success,,An ASME B31.3 piping engineer specifies that a 3-inch sockolet on an 8-inch main...
118,✅ Success,,"During inspection of a SAES-L-350 piping system in hydrocarbon service, a 2-inch..."
119,✅ Success,,During final walk-down of a completed 316L SS cryogenic piping system (−165°C LN...
120,✅ Success,,A piping system walkdown reveals that the drawing shows a 2-inch drain point wit...
121,✅ Success,,"During inspection of an ASME B31.3 piping fabrication shop, the inspector notice..."
122,✅ Success,,"During a piping system walkdown, a 1-inch instrument root valve is found to be d..."
123,✅ Success,,A piping system in hydrogen service (>20 mol% H₂) requires all girth welds to be...
124,✅ Success,,A 6-inch Class 300 raised-face flange connection is found to have a flat-face ga...
125,✅ Success,,During thickness measurement survey of a carbon steel piping system in acid serv...
126,✅ Success,,A piping hydrostatic test requires isolation of a safety relief valve (SRV) rate...
127,✅ Success,,A piping system reinstatement inspection after maintenance finds the wrong gaske...
128,✅ Success,,"During piping system walkdown, a 4-inch CS pipe is found resting on a steel beam..."
129,✅ Success,,"During piping fabrication, the shop inspector finds that a 10-inch carbon steel ..."
130,✅ Success,,A process piping isometric shows an eccentric reducer between a 6-inch pipe and ...
131,✅ Success,,"During pre-test inspection of a piping system, the inspector finds that three is..."
132,✅ Success,,"During a line walk of a completed 3-inch CS steam condensate return line, the in..."
133,✅ Success,,A SAES-L-350 Class 300 piping system in wet sour gas service requires all flange...
134,✅ Success,,A piping QC inspector signs off a completed spool as 'accepted' and it is sent t...
135,✅ Success,,"During pipe spool dimensional inspection, the inspector measures a spool fabrica..."
136,✅ Success,,"During the pre-startup check of a newly installed piping system, the inspector f..."
137,✅ Success,,An API 570 in-service inspection identifies a 25 mm diameter circular corrosion ...
138,✅ Success,,"During pressure testing, the hydrostatic test is completed successfully and the ..."
139,✅ Success,,SAES-L-350 requires all piping connections to compressors and pumps to be subjec...
140,✅ Success,,"During a piping system final inspection, the inspector verifies that all small b..."
141,✅ Success,,A Positive Material Identification (PMI) programme requires 10% random sampling ...
142,❌ Failed,Discipline and question are required. MCQ points must be 1; other question types must be 1-10.,During final inspection of a 16-inch Class 600 carbon steel piping spool in H₂S ...
143,❌ Failed,Discipline and question are required. MCQ points must be 1; other question types must be 1-10.,A 3-km buried cross-country pipeline is being commissioned. The hydrostatic test...
144,❌ Failed,Discipline and question are required. MCQ points must be 1; other question types must be 1-10.,A newly constructed piping system is ready for pre-commissioning flushing. The P...
145,❌ Failed,Discipline and question are required. MCQ points must be 1; other question types must be 1-10.,You are a QC Lead for an ARAMCO piping project. A client audit reveals that 200 ...
146,❌ Failed,Discipline and question are required. MCQ points must be 1; other question types must be 1-10.,"Compare the ASME B31.3 requirements for Normal Fluid Service, Category M Fluid S..."
147,❌ Failed,Discipline and question are required. MCQ points must be 1; other question types must be 1-10.,A process piping QC audit reveals that 40% of flange connections in a completed ...
148,❌ Failed,Discipline and question are required. MCQ points must be 1; other question types must be 1-10.,"During an API 570 inspection, you discover that a process piping system in HF (h..."
149,❌ Failed,Discipline and question are required. MCQ points must be 1; other question types must be 1-10.,A piping QC Inspector discovers that the pipe stress isometrics for a gas compre...
150,❌ Failed,Discipline and question are required. MCQ points must be 1; other question types must be 1-10.,Describe a comprehensive incoming inspection and material receiving procedure fo...
151,❌ Failed,Discipline and question are required. MCQ points must be 1; other question types must be 1-10.,During final punch-listing of a process piping system before mechanical completi...
152,❌ Failed,Discipline and question are required. MCQ points must be 1; other question types must be 1-10.,You receive a complaint from operations that a newly commissioned piping system ...
153,❌ Failed,Discipline and question are required. MCQ points must be 1; other question types must be 1-10.,A piping system in cryogenic LNG service (−165°C) is being constructed using 9% ...
154,❌ Failed,Discipline and question are required. MCQ points must be 1; other question types must be 1-10.,Describe the complete inspection and test plan (ITP) hold and witness points tha...
155,❌ Failed,Discipline and question are required. MCQ points must be 1; other question types must be 1-10.,A piping system has been commissioned and the first in-service inspection per AP...
156,❌ Failed,Discipline and question are required. MCQ points must be 1; other question types must be 1-10.,"During construction of an ARAMCO gas plant, a traceability audit reveals that 50..."
157,❌ Failed,Discipline and question are required. MCQ points must be 1; other question types must be 1-10.,Compare the pressure testing requirements for piping systems per ASME B31.3 (hyd...
158,❌ Failed,Discipline and question are required. MCQ points must be 1; other question types must be 1-10.,"During final inspection before mechanical completion, you notice that eight 4-in..."
159,❌ Failed,Discipline and question are required. MCQ points must be 1; other question types must be 1-10.,You are auditing a piping fabrication contractor and discover that the certified...
160,❌ Failed,Discipline and question are required. MCQ points must be 1; other question types must be 1-10.,A client requests a vendor surveillance visit to a pipe fitting manufacturer to ...
161,❌ Failed,Discipline and question are required. MCQ points must be 1; other question types must be 1-10.,A piping system walk-down 6 months after commissioning reveals that 12 spring ha...
162,✅ Success,,A piping supervisor says 'We've done this flange torquing method on 50 projects ...
163,✅ Success,,Explain the difference between a hydrostatic test and a pneumatic leak test — wh...
164,✅ Success,,You are at a field inspection and notice a pipe spool in hydrocarbon service has...
165,✅ Success,,"Without referring to a document, explain what NACE MR0175 / ISO 15156 is and its..."
166,✅ Success,,"During a pre-test inspection, you notice the system has a DN50 sample connection..."
167,✅ Success,,Describe the minimum steps you take to sign off a flange connection as 'accepted...
168,✅ Success,,The contractor wants to use a ball valve as an isolation device for the hydrosta...
169,✅ Success,,"Explain what an eccentric reducer is, why 'flat on top' orientation matters, and..."
170,✅ Success,,During a routine walk-down you notice a piping crew using an adjustable spanner ...
171,✅ Success,,Explain what CUI (Corrosion Under Insulation) is and describe three design/const...
172,✅ Success,,You are reviewing an isometric drawing for a critical high-pressure CS piping sy...
173,✅ Success,,Explain why it is important to verify that a valve is installed in the correct f...
174,✅ Success,,A field engineer asks you as the QC inspector to sign off a piping spool that is...
175,✅ Success,,Explain the concept of 'stress corrosion cracking' (SCC) and identify two servic...
176,✅ Success,,You arrive to inspect a line flushing operation and notice the operator is flush...
177,✅ Success,,"What is the purpose of a spectacle blind (figure-8 blind) in piping, and how doe..."
178,✅ Success,,Describe the sequence of events that should happen when a pressure test fails — ...
179,✅ Success,,Explain the difference between a butt weld fitting and a socket weld fitting — w...
180,✅ Success,,"During a hydrostatic test walk-down, you notice a pressure gauge has a cracked l..."
181,✅ Success,,A construction crew is about to install pipe in a trench. You observe the trench...
182,❌ Failed,Discipline and question are required. MCQ points must be 1; other question types must be 1-10.,You receive a hydrostatic test package for a 4-inch Class 600 CS process piping ...
183,❌ Failed,Discipline and question are required. MCQ points must be 1; other question types must be 1-10.,Review the following flange inspection record and identify any discrepancies: Fl...
184,❌ Failed,Discipline and question are required. MCQ points must be 1; other question types must be 1-10.,Calculate the remaining life and next inspection date for the following API 570 ...
185,❌ Failed,Discipline and question are required. MCQ points must be 1; other question types must be 1-10.,You receive an MTC for a shipment of ASME B16.5 Class 600 A105 carbon steel flan...
186,❌ Failed,Discipline and question are required. MCQ points must be 1; other question types must be 1-10.,You are performing a dimensional check on a fabricated 6-inch Schedule 80 pipe s...
187,❌ Failed,Discipline and question are required. MCQ points must be 1; other question types must be 1-10.,Review a piping test package and identify all discrepancies: Test package for P&...
188,❌ Failed,Discipline and question are required. MCQ points must be 1; other question types must be 1-10.,A UTT survey of a 4-inch Class 300 CS pipe elbow in a corrosive service shows th...
189,❌ Failed,Discipline and question are required. MCQ points must be 1; other question types must be 1-10.,Inspect the following piping material receiving inspection checklist for complet...
190,❌ Failed,Discipline and question are required. MCQ points must be 1; other question types must be 1-10.,Review the following piping ITP entry and identify any hold/witness/review point...
191,❌ Failed,Discipline and question are required. MCQ points must be 1; other question types must be 1-10.,You receive a piping spool for a 4-inch CS steam line. The spool label shows: Ma...
192,❌ Failed,Discipline and question are required. MCQ points must be 1; other question types must be 1-10.,A pipe stress engineer provides you with these nozzle loads for a pump: Actual l...
193,❌ Failed,Discipline and question are required. MCQ points must be 1; other question types must be 1-10.,Review the following pipe schedule for an 8-inch CS process line in sour service...
194,❌ Failed,Discipline and question are required. MCQ points must be 1; other question types must be 1-10.,An as-built isometric of a 3-inch CS instrument air line shows that a globe valv...
195,❌ Failed,Discipline and question are required. MCQ points must be 1; other question types must be 1-10.,"During spring hanger pre-commissioning inspection, you record the following cold..."
196,❌ Failed,Discipline and question are required. MCQ points must be 1; other question types must be 1-10.,Review the following test boundary document for a hydrostatic test and confirm w...
197,❌ Failed,Discipline and question are required. MCQ points must be 1; other question types must be 1-10.,A contractor submits a flange bolt torque calculation for 8-inch Class 600 ANSI ...
198,❌ Failed,Discipline and question are required. MCQ points must be 1; other question types must be 1-10.,"During line flushing of a new 6-inch CS process line, the flushing team reports ..."
199,❌ Failed,Discipline and question are required. MCQ points must be 1; other question types must be 1-10.,A piping inspection report shows a 3-inch SS316L pipe elbow at a dead-leg juncti...
200,❌ Failed,Discipline and question are required. MCQ points must be 1; other question types must be 1-10.,You inspect a completed insulated piping system and notice the aluminium jacketi...
201,❌ Failed,Discipline and question are required. MCQ points must be 1; other question types must be 1-10.,You receive a test package for a pneumatic leak test of a completed instrument a...
202,✅ Success,,"During RT of a 25 mm wall pressure vessel weld (ASME VIII Div.1), the radiograph..."
203,✅ Success,,An RT technician performs a radiograph and the resulting film has a density of 1...
204,✅ Success,,"During PAUT (Phased Array UT) examination of a 20 mm wall pipe weld, the technic..."
205,✅ Success,,A Liquid Penetrant Test (PT) procedure per ASME V Article 6 requires a minimum d...
206,✅ Success,,During MT (Magnetic Particle Inspection) of a weld using the continuous method p...
207,✅ Success,,An ASNT Level II UT technician is examining a 50 mm thick weld using a 45° refra...
208,✅ Success,,"A PT examination using a fluorescent penetrant system (Method A, Type I per ASME..."
209,✅ Success,,A PAUT scan of a dissimilar metal weld (DMW) between carbon steel and Inconel 62...
210,✅ Success,,An RT procedure qualifies Source-to-Film Distance (SFD) of 700 mm for a 12 mm th...
211,✅ Success,,"During TOFD examination of a 40 mm wall pressure vessel seam weld, the D-scan di..."
212,✅ Success,,An ASNT Level II PT technician finds a linear indication 22 mm long on the surfa...
213,✅ Success,,An RT technician is requested to radiograph a 10-inch Schedule 80 (wall 12.7 mm)...
214,✅ Success,,A UT calibration block made from ASTM A516 Gr.70 CS is used to calibrate the sen...
215,✅ Success,,During RT of a 6-inch butt weld using a panoramic (central source) exposure tech...
216,✅ Success,,A magnetic particle examination using a prod (contact) technique reveals a linea...
217,✅ Success,,"During UT examination of a CRA (corrosion resistant alloy) clad pressure vessel,..."
218,✅ Success,,An RT technician performs a double-wall double-image (DWDI) exposure on a 3-inch...
219,✅ Success,,"Per ASNT SNT-TC-1A, a Level II NDT technician has the authority to:"
220,✅ Success,,"During eddy current testing (ECT) of heat exchanger tubes, the technician uses a..."
221,✅ Success,,An ARAMCO project requires 100% RT of all P91 pressure pipe girth welds. RT is c...
222,✅ Success,,A calibration block used for UT angle beam examination was fabricated from carbo...
223,✅ Success,,An MT examination of a machined shaft using a circular magnetisation (central co...
224,✅ Success,,An RT procedure using Ir-192 source lists a source activity of 80 Ci on the proc...
225,✅ Success,,A PT examination of a 316L SS heat exchanger tube sheet weld is performed using ...
226,✅ Success,,"During RT review, a film shows a series of regularly spaced, small circular dark..."
227,✅ Success,,An ARAMCO project requires 100% RT of CJP (complete joint penetration) structura...
228,✅ Success,,A TOFD scan of a 50 mm wall pressure vessel seam weld shows an indication at 42–...
229,✅ Success,,"A PT indication is observed that is 0.5 mm wide and 3 mm long, appearing as a so..."
230,✅ Success,,An RT film of a 20 mm CS weld shows an indication with characteristics of a long...
231,✅ Success,,"When performing a Holiday Test (HT) on a pipe coating per NACE SP0188, the inspe..."
232,✅ Success,,A QC Inspector witnesses a UT examination where the technician calibrates the in...
233,✅ Success,,"During the incoming inspection of a batch of radiographic film (Agfa D7), the QC..."
234,✅ Success,,A Level II UT technician uses a 70° refracted shear wave probe to examine a 16 m...
235,✅ Success,,An ARAMCO SAEP-1142 compliant PT procedure specifies that the final acceptance e...
236,✅ Success,,The ASME V Article 1 mandatory examination requirements include a requirement fo...
237,✅ Success,,During the preparation of an RT exposure record for an ARAMCO Level II RT Techni...
238,✅ Success,,An RT film of a CS plate weld shows a lighter (less dark) circular area approxim...
239,✅ Success,,A PAUT scan used as an RT alternative for a pipeline girth weld shows a calibrat...
240,✅ Success,,"Visual Testing (VT) is the most fundamental NDE method. Per ASME V Article 9, wh..."
241,✅ Success,,A QC Inspection of an NDT subcontractor's Level II UT technician reveals his ASN...
242,❌ Failed,Discipline and question are required. MCQ points must be 1; other question types must be 1-10.,A PAUT examination of a 40 mm wall pressure vessel butt weld produces several in...
243,❌ Failed,Discipline and question are required. MCQ points must be 1; other question types must be 1-10.,You are the NDT QC Lead for an ARAMCO pressure vessel fabrication project. The c...
244,❌ Failed,Discipline and question are required. MCQ points must be 1; other question types must be 1-10.,"During an audit of a Level II RT technician's certification records, you find th..."
245,❌ Failed,Discipline and question are required. MCQ points must be 1; other question types must be 1-10.,An RT film interpretation programme audit reveals that interpretation is being c...
246,❌ Failed,Discipline and question are required. MCQ points must be 1; other question types must be 1-10.,Describe the complete qualification process for a new PAUT procedure to be used ...
247,❌ Failed,Discipline and question are required. MCQ points must be 1; other question types must be 1-10.,A major oil company conducts a blind trial (round-robin) NDT test on simulated w...
248,❌ Failed,Discipline and question are required. MCQ points must be 1; other question types must be 1-10.,Describe the inspection programme you would implement for the annual integrity a...
249,❌ Failed,Discipline and question are required. MCQ points must be 1; other question types must be 1-10.,A Holiday Test (HT) of a 3LPE-coated offshore pipeline reveals 12 holidays over ...
250,❌ Failed,Discipline and question are required. MCQ points must be 1; other question types must be 1-10.,Develop a comprehensive Inspection and Test Plan (ITP) for RT examination of a 1...
251,❌ Failed,Discipline and question are required. MCQ points must be 1; other question types must be 1-10.,"Describe the calibration requirements, frequency, and records required for the f..."
252,❌ Failed,Discipline and question are required. MCQ points must be 1; other question types must be 1-10.,An NDT subcontractor's radiation safety officer (RSO) finds that a Level II RT t...
253,❌ Failed,Discipline and question are required. MCQ points must be 1; other question types must be 1-10.,Compare the capabilities and limitations of RT vs. PAUT for the following weld d...
254,❌ Failed,Discipline and question are required. MCQ points must be 1; other question types must be 1-10.,You are reviewing the NDT records for a completed pressure vessel and find that ...
255,❌ Failed,Discipline and question are required. MCQ points must be 1; other question types must be 1-10.,An API 580 risk-based inspection (RBI) assessment identifies a process line as h...
256,❌ Failed,Discipline and question are required. MCQ points must be 1; other question types must be 1-10.,Describe the full chain of actions when a holiday test on a shop-coated pressure...
257,❌ Failed,Discipline and question are required. MCQ points must be 1; other question types must be 1-10.,A technician performing AUT (automated UT) on a pipeline girth weld reports an i...
258,❌ Failed,Discipline and question are required. MCQ points must be 1; other question types must be 1-10.,You are leading an NDT quality audit of a contractor's PT operation on stainless...
259,❌ Failed,Discipline and question are required. MCQ points must be 1; other question types must be 1-10.,The NDT QC Inspector discovers that a UT Level II has been performing TOFD exami...
260,❌ Failed,Discipline and question are required. MCQ points must be 1; other question types must be 1-10.,"After a successful hydrostatic test, a pressure vessel is subjected to final sur..."
261,❌ Failed,Discipline and question are required. MCQ points must be 1; other question types must be 1-10.,Describe a comprehensive training and qualification programme for an in-house ND...
262,✅ Success,,A production supervisor is pressuring you to sign off RT films during a shift ch...
263,✅ Success,,Explain in plain language what the IQI (Image Quality Indicator) tells us about ...
264,✅ Success,,A welder argues that his weld has 'perfect' RT films so there cannot be any defe...
265,✅ Success,,What is 'Probability of Detection' (POD) in NDT and why does it matter for safet...
266,✅ Success,,You are reviewing RT films and you see an indication that looks like a crack. Th...
267,✅ Success,,"During a site visit, you observe that the NDT technician is applying PT penetran..."
268,✅ Success,,What is the 'half-skip' distance in angle beam UT and why is it important for ro...
269,✅ Success,,Explain what 'back-scatter' is in radiography and how the letter 'B' on an RT fi...
270,✅ Success,,A contractor tells you that they use TOFD for 100% weld examination and therefor...
271,✅ Success,,"Why is it important to perform NDE AFTER PWHT for chromium-moly alloy welds, rat..."
272,✅ Success,,Explain what 'geometric unsharpness' (Ug) is in radiography and how reducing the...
273,✅ Success,,You are conducting an NDT procedure review. The UT procedure states '45° refract...
274,✅ Success,,During a walk-down you see the PT technician skipping the development stage and ...
275,✅ Success,,What is the difference between 'calibration' and 'sensitivity setting' in ultras...
276,✅ Success,,A production manager tells you that the project cannot afford 100% RT and wants ...
277,✅ Success,,Explain what 'inter-pass cleaning' means in welding and why it matters for RT ac...
278,✅ Success,,What is 'mode conversion' in ultrasonic testing and why is it particularly probl...
279,✅ Success,,You find an RT film where the weld number is illegible — the lead number marker ...
280,✅ Success,,Describe how you would prepare a punch list for final NDT record review before i...
281,✅ Success,,A client's quality auditor tells you that the PT dwell time on your project has ...
282,❌ Failed,Discipline and question are required. MCQ points must be 1; other question types must be 1-10.,Review the following RT film interpretation record for a 12 mm thick CS butt wel...
283,❌ Failed,Discipline and question are required. MCQ points must be 1; other question types must be 1-10.,A UT calibration record for an angle beam 45° examination shows the following V-...
284,❌ Failed,Discipline and question are required. MCQ points must be 1; other question types must be 1-10.,You receive a completed holiday test (HT) report for a shop-coated 20-inch OD CS...
285,❌ Failed,Discipline and question are required. MCQ points must be 1; other question types must be 1-10.,"Review a PAUT scan display (B-scan, top view) showing an indication that starts ..."
286,❌ Failed,Discipline and question are required. MCQ points must be 1; other question types must be 1-10.,A PT report of a pressure vessel nozzle weld shows the following: Penetrant type...
287,❌ Failed,Discipline and question are required. MCQ points must be 1; other question types must be 1-10.,Calculate the Geometric Unsharpness (Ug) for the following RT exposure parameter...
288,❌ Failed,Discipline and question are required. MCQ points must be 1; other question types must be 1-10.,Review the following MT (MPI) examination setup data and identify all nonconform...
289,❌ Failed,Discipline and question are required. MCQ points must be 1; other question types must be 1-10.,"An RT exposure record shows the following for a 10-inch, 12.7 mm wall pipe weld ..."
290,❌ Failed,Discipline and question are required. MCQ points must be 1; other question types must be 1-10.,You are reviewing a PAUT calibration certificate for a phased array probe used o...
291,❌ Failed,Discipline and question are required. MCQ points must be 1; other question types must be 1-10.,A weld map shows 45 girth welds. The NDE log shows 40 RT reports filed. Check wh...
292,❌ Failed,Discipline and question are required. MCQ points must be 1; other question types must be 1-10.,Evaluate the following UT indication disposition for a 20 mm wall pressure pipe ...
293,❌ Failed,Discipline and question are required. MCQ points must be 1; other question types must be 1-10.,Review the following PT indication record and state your acceptance decision per...
294,❌ Failed,Discipline and question are required. MCQ points must be 1; other question types must be 1-10.,A Guided Wave (LRUT) screening survey of a 6-inch insulated CS pipe indicates a ...
295,❌ Failed,Discipline and question are required. MCQ points must be 1; other question types must be 1-10.,An eddy current examination of heat exchanger tubes shows the following indicati...
296,❌ Failed,Discipline and question are required. MCQ points must be 1; other question types must be 1-10.,You are reviewing a TOFD D-scan for a 50 mm pressure vessel seam weld. The scan ...
297,❌ Failed,Discipline and question are required. MCQ points must be 1; other question types must be 1-10.,Review the following RT report data for a 19 mm thick pressure vessel seam weld ...
298,❌ Failed,Discipline and question are required. MCQ points must be 1; other question types must be 1-10.,A weld inspection record shows that UT angle-beam examination was completed on W...
299,❌ Failed,Discipline and question are required. MCQ points must be 1; other question types must be 1-10.,Evaluate the following MT examination setup for a CS structural weld using the p...
300,❌ Failed,Discipline and question are required. MCQ points must be 1; other question types must be 1-10.,Review the following UT amplitude correction calculation: Calibration was perfor...
301,❌ Failed,Discipline and question are required. MCQ points must be 1; other question types must be 1-10.,You receive the following summary of NDT examination results for a completed 50-...
302,✅ Success,,A pressure vessel nameplate shows MAWP 50 bar at 300°C and MWP at new and cold c...
303,✅ Success,,"During a pressure vessel external inspection per API 510, the inspector discover..."
304,✅ Success,,A centrifugal pump alignment report shows the following cold alignment readings ...
305,✅ Success,,A pressure relief valve (PRV) has a set pressure of 100 bar. During a bench test...
306,✅ Success,,A pressure vessel inspection reveals weld overlay cladding (Alloy 825) on the in...
307,✅ Success,,"During a mechanical installation inspection of a gearbox, the inspector finds th..."
308,✅ Success,,An API 650 above-ground storage tank inspection reveals a shell plate with a mea...
309,✅ Success,,"During pre-commissioning inspection of a shell-and-tube heat exchanger, the insp..."
310,✅ Success,,A rotating equipment foundation alignment check shows that the pump baseplate ha...
311,✅ Success,,A pressure vessel MAWP re-rating exercise per API 510 proposes to increase the M...
312,✅ Success,,"During installation of a centrifugal compressor, the coupling hub is heated to 1..."
313,✅ Success,,An API 520 Pt.I sizing calculation for a PRV on a gas service vessel uses molecu...
314,✅ Success,,"A heat exchanger tube bundle is being removed for cleaning. During extraction, t..."
315,✅ Success,,"During pre-commissioning run-in testing of a 3-stage centrifugal pump, the vibra..."
316,✅ Success,,A pressure vessel undergoes an alteration (new nozzle installation) per ASME PCC...
317,✅ Success,,"A pressure vessel nameplate shows: MAWP 50 bar, design temperature 300°C, vessel..."
318,✅ Success,,"During storage tank construction per API 650, the bottom plate annular ring weld..."
319,✅ Success,,A split mechanical seal on a centrifugal pump is found to be leaking 5 drops per...
320,✅ Success,,"During an API 510 internal inspection of a hydrogen reformer pressure vessel, th..."
321,✅ Success,,A heat exchanger tube sheet inspection by ECT (eddy current) shows 15% of tubes ...
322,✅ Success,,"During commissioning of a reciprocating compressor, the crankshaft deflection re..."
323,✅ Success,,A pressure vessel fitness-for-service (FFS) assessment per API 579 Level 2 is re...
324,✅ Success,,A reciprocating gas compressor undergoes a performance test per ASME PTC-10. The...
325,✅ Success,,"During a storage tank API 653 inspection, the floor shows MFL (magnetic flux lea..."
326,✅ Success,,A pressure vessel safety device inspection finds that the PRV discharge pipe con...
327,✅ Success,,"During a pressure vessel hydrostatic test, cracks are heard coming from within t..."
328,✅ Success,,A gearbox oil analysis from a newly commissioned compressor drive shows a metall...
329,✅ Success,,A pressure vessel repair per ASME PCC-2 Article 2.1 uses weld overlay to restore...
330,✅ Success,,An API 653 tank inspection reveals that the shell-to-bottom weld (annular weld) ...
331,✅ Success,,"During mechanical completion inspection of a pressure vessel, the inspector noti..."
332,✅ Success,,A vibration spectrum analysis of a centrifugal pump shows a dominant frequency a...
333,✅ Success,,An ASME VIII Div.1 pressure vessel undergoes a repair involving welding on the s...
334,✅ Success,,"During API 510 inspection, a vertical pressure vessel shows evidence of external..."
335,✅ Success,,A pressure vessel PWHT record shows the thermocouple attached to a weld reached ...
336,✅ Success,,An API 520 back-pressure assessment for a conventional PRV (not balanced bellows...
337,✅ Success,,"During pre-commissioning checks of a fire water pump per SAES-B-017, the diesel ..."
338,✅ Success,,"During an API 510 inspection of a process vessel, the inspector observes that th..."
339,✅ Success,,A pressure vessel inspection per API 510 reveals stress corrosion cracking (SCC)...
340,✅ Success,,"During a cooling tower fan gearbox inspection, the inspector finds that the gear..."
341,✅ Success,,An ASME VIII Div.1 pressure vessel is scheduled for replacement of all nozzle ga...
342,❌ Failed,Discipline and question are required. MCQ points must be 1; other question types must be 1-10.,"During a process plant turnaround, a heat exchanger shell is found to have exten..."
343,❌ Failed,Discipline and question are required. MCQ points must be 1; other question types must be 1-10.,A new centrifugal pump (API 610) has been installed and undergoes site acceptanc...
344,❌ Failed,Discipline and question are required. MCQ points must be 1; other question types must be 1-10.,You are tasked with developing the mechanical completion inspection checklist fo...
345,❌ Failed,Discipline and question are required. MCQ points must be 1; other question types must be 1-10.,An API 510 inspection reveals that a pressure vessel has been operating for 10 y...
346,❌ Failed,Discipline and question are required. MCQ points must be 1; other question types must be 1-10.,A pressure vessel rupture disc is found to have burst at a pressure 15% below th...
347,❌ Failed,Discipline and question are required. MCQ points must be 1; other question types must be 1-10.,Describe the complete inspection and testing programme for a new above-ground st...
348,❌ Failed,Discipline and question are required. MCQ points must be 1; other question types must be 1-10.,A hot oil system pump shaft seal is failing repeatedly — the seal has been repla...
349,❌ Failed,Discipline and question are required. MCQ points must be 1; other question types must be 1-10.,An ARAMCO project requires a vendor surveillance visit to a pressure vessel fabr...
350,❌ Failed,Discipline and question are required. MCQ points must be 1; other question types must be 1-10.,A safety-critical PRV serving a flare system at a refinery is found to be stuck ...
351,❌ Failed,Discipline and question are required. MCQ points must be 1; other question types must be 1-10.,Describe the criteria and procedure for determining whether a pressure vessel wi...
352,❌ Failed,Discipline and question are required. MCQ points must be 1; other question types must be 1-10.,"During commissioning of a new reciprocating compressor, the mechanical QC inspec..."
353,❌ Failed,Discipline and question are required. MCQ points must be 1; other question types must be 1-10.,You are the Mechanical QC Lead for a process plant expansion project. Describe t...
354,❌ Failed,Discipline and question are required. MCQ points must be 1; other question types must be 1-10.,An API 653 internal tank inspection finds extensive underside pitting on the bot...
355,❌ Failed,Discipline and question are required. MCQ points must be 1; other question types must be 1-10.,Describe the key quality records and documentation that must be assembled in the...
356,❌ Failed,Discipline and question are required. MCQ points must be 1; other question types must be 1-10.,A critical compressor drive coupling fails catastrophically 6 months after commi...
357,❌ Failed,Discipline and question are required. MCQ points must be 1; other question types must be 1-10.,Describe how you would evaluate the acceptability of an existing pressure vessel...
358,❌ Failed,Discipline and question are required. MCQ points must be 1; other question types must be 1-10.,You are conducting a pre-startup inspection of a fired heater (process furnace) ...
359,❌ Failed,Discipline and question are required. MCQ points must be 1; other question types must be 1-10.,Compare the API 510 and ASME PCC-2 requirements for welded repairs on pressure v...
360,❌ Failed,Discipline and question are required. MCQ points must be 1; other question types must be 1-10.,"During commissioning of a new heat exchanger, the tube-side pressure test (1.5× ..."
361,❌ Failed,Discipline and question are required. MCQ points must be 1; other question types must be 1-10.,You discover during a QC audit that a 5-year mechanical inspection programme for...
362,✅ Success,,A maintenance supervisor tells you he has been reusing the same spiral-wound gas...
363,✅ Success,,"Without looking at an API standard, explain what the 'Nelson Curve' is and why i..."
364,✅ Success,,A pump's mechanical seal is leaking and production wants to keep running. What f...
365,✅ Success,,Explain what 'hot alignment' is and why it is necessary in addition to cold alig...
366,✅ Success,,You witness a pressure vessel being pressurised for hydrostatic testing without ...
367,✅ Success,,What does 'creep' mean in the context of pressure vessel materials and at what c...
368,✅ Success,,You are inspecting a fin-fan air cooler. The operator says one of the fans has b...
369,✅ Success,,Explain the difference between a 'pressure test' and a 'leak test' and when each...
370,✅ Success,,A pressure vessel inspector notices that the vessel shell shows a slight outward...
371,✅ Success,,What is 'fouling factor' in heat exchanger design and how does fouling affect me...
372,✅ Success,,A maintenance team wants to use a threaded plug to repair a through-hole in a pr...
373,✅ Success,,Explain what 'settling' of a tank foundation means and why it matters for storag...
374,✅ Success,,The production team wants to bypass the low-pressure alarm on a pressure vessel ...
375,✅ Success,,Explain what 'NPSH' (Net Positive Suction Head) is and why it is critical for ce...
376,✅ Success,,You are reviewing a fabrication traveller and notice that the pressure test was ...
377,✅ Success,,What is 'corrosion under insulation' (CUI) and name three types of equipment tha...
378,✅ Success,,A pressure vessel owner wants to operate a vessel rated for 100 bar at 250°C at ...
379,✅ Success,,You are inspecting a fired heater and notice that one tube appears to have a sli...
380,✅ Success,,Describe three key differences between an ASME VIII Div.1 and Div.2 pressure ves...
381,✅ Success,,A maintenance engineer proposes to repair an internal crack in a pressure vessel...
382,❌ Failed,Discipline and question are required. MCQ points must be 1; other question types must be 1-10.,"A pressure vessel shell has the following data: Material SA-516 Gr.70, allowable..."
383,❌ Failed,Discipline and question are required. MCQ points must be 1; other question types must be 1-10.,A pump alignment report shows the following cold laser alignment readings: Horiz...
384,❌ Failed,Discipline and question are required. MCQ points must be 1; other question types must be 1-10.,A PRV on a gas separator has a set pressure of 80 bar and a maximum allowable ac...
385,❌ Failed,Discipline and question are required. MCQ points must be 1; other question types must be 1-10.,Review the following PRV bench test data and state the pass/fail determination p...
386,❌ Failed,Discipline and question are required. MCQ points must be 1; other question types must be 1-10.,A storage tank API 653 inspection report shows the following shell thickness mea...
387,❌ Failed,Discipline and question are required. MCQ points must be 1; other question types must be 1-10.,Review the following mechanical completion checklist for a centrifugal pump and ...
388,❌ Failed,Discipline and question are required. MCQ points must be 1; other question types must be 1-10.,A fired heater tube inspection UT report shows the following thickness readings ...
389,❌ Failed,Discipline and question are required. MCQ points must be 1; other question types must be 1-10.,Review this heat exchanger tube ECT summary for a 20-year-old cooling water heat...
390,❌ Failed,Discipline and question are required. MCQ points must be 1; other question types must be 1-10.,"A vibration spectrum for a 3,000 RPM centrifugal pump shows dominant peaks at: 5..."
391,❌ Failed,Discipline and question are required. MCQ points must be 1; other question types must be 1-10.,A pressure vessel FFS assessment per API 579 Level 1 for a local thinned area (L...
392,❌ Failed,Discipline and question are required. MCQ points must be 1; other question types must be 1-10.,"Evaluate the following pump cold alignment record (laser alignment, soft-foot co..."
393,❌ Failed,Discipline and question are required. MCQ points must be 1; other question types must be 1-10.,Review the following ASME VIII pressure vessel data report (U-1 form data) and i...
394,❌ Failed,Discipline and question are required. MCQ points must be 1; other question types must be 1-10.,A spring-loaded PRV has a set pressure of 120 bar. Calculate the maximum back pr...
395,❌ Failed,Discipline and question are required. MCQ points must be 1; other question types must be 1-10.,"During a storage tank bottom MFL survey, the technician reports 'Severity 3' ind..."
396,❌ Failed,Discipline and question are required. MCQ points must be 1; other question types must be 1-10.,A fired heater duty calculation shows that the required heat duty is 10 MW at 85...
397,❌ Failed,Discipline and question are required. MCQ points must be 1; other question types must be 1-10.,Review a mechanical run test data sheet for a centrifugal pump (API 610): Design...
398,❌ Failed,Discipline and question are required. MCQ points must be 1; other question types must be 1-10.,A heat exchanger shell is to be re-rated from 25 bar to 30 bar at 200°C using SA...
399,❌ Failed,Discipline and question are required. MCQ points must be 1; other question types must be 1-10.,"During a heat exchanger pre-commissioning water flush, the flushing water from t..."
400,❌ Failed,Discipline and question are required. MCQ points must be 1; other question types must be 1-10.,You receive a pressure vessel completion package for a new ASME VIII Div.1 vesse...
401,❌ Failed,Discipline and question are required. MCQ points must be 1; other question types must be 1-10.,A static equipment mechanical QC audit of a fabrication shop reveals the followi...
402,✅ Success,,During incoming inspection of a motor control centre (MCC) at a gas processing p...
403,✅ Success,,A 33 kV substation cable termination is found to have been installed without str...
404,✅ Success,,An electrical inspector is reviewing the installation of a motor feeder cable. T...
405,✅ Success,,"During the commissioning of a 6.6 kV switchgear bus, an insulation resistance (I..."
406,✅ Success,,An ARAMCO project installs an explosionproof (Ex d IIB T3) junction box in an ar...
407,✅ Success,,During a pre-commissioning continuity and loop check of a 480V motor control cir...
408,✅ Success,,"During cable pulling inspection, the electrical inspector measures the maximum p..."
409,✅ Success,,"During commissioning of a 132 kV overhead transmission line, a phase transpositi..."
410,✅ Success,,An electrical QC Inspector performs a thermal imaging (IR scan) of a 415V main s...
411,✅ Success,,"A 6.6 kV, 1,000 kVA transformer installation inspection shows the primary HV fus..."
412,✅ Success,,"During inspection of a cable tray installation, the electrical inspector observe..."
413,✅ Success,,A protection relay engineer sets a motor protection relay with the following par...
414,✅ Success,,An earthing system inspection at a new substation reveals that the earth grid re...
415,✅ Success,,"During inspection of a high-voltage (HV) cable joint installation, the inspector..."
416,✅ Success,,"A power factor correction capacitor bank (11 kV, 5 MVAR) is inspected. The capac..."
417,✅ Success,,"During testing of a 415V distribution board, the measured prospective short-circ..."
418,✅ Success,,An electrical QC Inspector is reviewing the protection scheme for a 6.6 kV motor...
419,✅ Success,,A 415V switchboard busbar inspection shows that the busbar material is painted a...
420,✅ Success,,A substation transformer protection scheme includes a Buchholz relay. During com...
421,✅ Success,,An ARAMCO electrical inspector is reviewing the design of a lighting circuit for...
422,✅ Success,,"During testing of a UPS (Uninterruptible Power Supply) system, the inspector per..."
423,✅ Success,,A new 11 kV/415V distribution transformer has just been installed. Before energi...
424,✅ Success,,An electrical inspector reviews a cable schedule and notes that an 8-core armour...
425,✅ Success,,An electrical inspection of a control panel reveals that wire identification lab...
426,✅ Success,,"A 415V, 50 Hz power supply is connected to a 60 Hz motor in an emergency supply ..."
427,✅ Success,,"A motor's insulation class is H (maximum continuous operating temperature 180°C,..."
428,✅ Success,,"During a loop check of a motor start circuit, the QC Inspector finds that the mo..."
429,✅ Success,,An electrical QC inspector is reviewing HVAC room condition records for a 415V m...
430,✅ Success,,"During commissioning of a 415V motor control panel, the QC Inspector performs an..."
431,✅ Success,,An electrical QC audit finds that the project uses Class II (double-insulated) p...
432,✅ Success,,"A 6.6 kV synchronous motor (2,500 kW) is being commissioned. During the synchron..."
433,✅ Success,,An ARAMCO electrical QC inspector finds that the project electrical engineer has...
434,✅ Success,,An electrical QC Inspector witnesses a HiPot (high-potential dielectric withstan...
435,✅ Success,,"A motor rated 415V, 50 Hz is connected to a VFD (Variable Frequency Drive). The ..."
436,✅ Success,,An ARAMCO electrical inspector is checking the isolation coordination for a new ...
437,✅ Success,,A 415V cable tray inspection shows armoured cables (SWA) with the armour bonded ...
438,✅ Success,,"During a SAT (Site Acceptance Test) for a 132 kV GIS (Gas-Insulated Switchgear),..."
439,✅ Success,,An electrical inspector reviews the cable schedule for a new installation and fi...
440,✅ Success,,An electrical inspector observes that a welder's power return cable (earth clamp...
441,✅ Success,,An electrical QC Inspector conducts a final inspection of a substation before en...
442,❌ Failed,Discipline and question are required. MCQ points must be 1; other question types must be 1-10.,Describe the complete commissioning test sequence for a new 11 kV/415V distribut...
443,❌ Failed,Discipline and question are required. MCQ points must be 1; other question types must be 1-10.,An ARAMCO gas plant is experiencing repeated electrical motor failures in a spec...
444,❌ Failed,Discipline and question are required. MCQ points must be 1; other question types must be 1-10.,You are the Electrical QC Lead for a new substation installation. The TPIA (Thir...
445,❌ Failed,Discipline and question are required. MCQ points must be 1; other question types must be 1-10.,An electrical audit of a construction site reveals that site electricians are wo...
446,❌ Failed,Discipline and question are required. MCQ points must be 1; other question types must be 1-10.,"Design the protection relay scheme for a 6.6 kV, 1,500 kW critical process motor..."
447,❌ Failed,Discipline and question are required. MCQ points must be 1; other question types must be 1-10.,Describe the inspection and testing programme for a new 132 kV outdoor high-volt...
448,❌ Failed,Discipline and question are required. MCQ points must be 1; other question types must be 1-10.,An ARAMCO project requires installation of 10 km of 33 kV cable. Describe the co...
449,❌ Failed,Discipline and question are required. MCQ points must be 1; other question types must be 1-10.,Develop a comprehensive ITP (Inspection and Test Plan) for the installation and ...
450,❌ Failed,Discipline and question are required. MCQ points must be 1; other question types must be 1-10.,An ARAMCO electrical audit finds that thermal imaging of a 415V switchboard has ...
451,❌ Failed,Discipline and question are required. MCQ points must be 1; other question types must be 1-10.,The SAES-P-111 earthing and bonding requirements for a classified area in a gas ...
452,❌ Failed,Discipline and question are required. MCQ points must be 1; other question types must be 1-10.,"Describe what a 'partial discharge' (PD) test is for HV cables and switchgear, w..."
453,❌ Failed,Discipline and question are required. MCQ points must be 1; other question types must be 1-10.,Explain the hazards associated with arc flash in electrical switchgear and descr...
454,❌ Failed,Discipline and question are required. MCQ points must be 1; other question types must be 1-10.,An ARAMCO new project requires all Ex-rated electrical equipment to be certified...
455,❌ Failed,Discipline and question are required. MCQ points must be 1; other question types must be 1-10.,Describe the quality control requirements for the installation and testing of a ...
456,❌ Failed,Discipline and question are required. MCQ points must be 1; other question types must be 1-10.,You are responsible for electrical QC on an offshore oil platform. An emergency ...
457,❌ Failed,Discipline and question are required. MCQ points must be 1; other question types must be 1-10.,Describe the commissioning verification requirements for an Automatic Transfer S...
458,❌ Failed,Discipline and question are required. MCQ points must be 1; other question types must be 1-10.,An ARAMCO cable tray installation inspection on a process plant reveals that the...
459,❌ Failed,Discipline and question are required. MCQ points must be 1; other question types must be 1-10.,A new ARAMCO solar photovoltaic (PV) power system is being installed to suppleme...
460,❌ Failed,Discipline and question are required. MCQ points must be 1; other question types must be 1-10.,Describe the inspection requirements and testing methods for a high-voltage (33 ...
461,❌ Failed,Discipline and question are required. MCQ points must be 1; other question types must be 1-10.,You are reviewing the electrical IFC (Issued For Construction) drawings for a ne...
462,✅ Success,,"A safety officer asks you to explain, in plain language, the difference between ..."
463,✅ Success,,An electrician asks why he needs to check the direction of rotation of a motor b...
464,✅ Success,,"During a pre-energisation walk-down of a new switchroom, you notice a can of pai..."
465,✅ Success,,Explain what 'power factor' is and why it matters to the electrical QC Inspector...
466,✅ Success,,You observe an electrician connecting a cable termination to a 33 kV cable witho...
467,✅ Success,,A site supervisor tells you that the motor earth continuity test result of 0.8 Ω...
468,✅ Success,,"What is the 'Polarisation Index' (PI) in insulation resistance testing, and what..."
469,✅ Success,,During cable tray inspection you observe signal cables and power cables sharing ...
470,✅ Success,,"Explain, in plain terms, what happens during a cable insulation 'breakdown' and ..."
471,✅ Success,,An ARAMCO project manager wants to start electrical commissioning of a process u...
472,✅ Success,,What is 'earth fault loop impedance' and why do you measure it during commission...
473,✅ Success,,During a switchroom walk-down you notice that one main incoming circuit breaker ...
474,✅ Success,,Describe the difference between an IP65 and IP54 enclosure and when each would b...
475,✅ Success,,A site electrician proposes using a 63A socket outlet and extension lead to powe...
476,✅ Success,,Explain what a 'discrimination study' (selectivity study) is in electrical prote...
477,✅ Success,,You observe a technician using a contact voltage tester (non-contact pen-type te...
478,✅ Success,,The project electrician says that he doesn't need to do cable continuity checks ...
479,✅ Success,,An ARAMCO project technical requirement states that all cable trays must be bond...
480,✅ Success,,Explain what 'load shedding' means in the context of an electrical power managem...
481,✅ Success,,A worker receives a 415V electric shock from a faulty tool but survives. After f...
482,❌ Failed,Discipline and question are required. MCQ points must be 1; other question types must be 1-10.,Review the following cable installation inspection checklist findings and classi...
483,❌ Failed,Discipline and question are required. MCQ points must be 1; other question types must be 1-10.,A 6.6 kV motor insulation resistance test gives the following readings with a 5 ...
484,❌ Failed,Discipline and question are required. MCQ points must be 1; other question types must be 1-10.,Review the following transformer test data and identify any discrepancies that s...
485,❌ Failed,Discipline and question are required. MCQ points must be 1; other question types must be 1-10.,An earth grid resistance test at a new 33/11 kV substation gives the following r...
486,❌ Failed,Discipline and question are required. MCQ points must be 1; other question types must be 1-10.,Review the following loop check record for a motor start circuit and identify al...
487,❌ Failed,Discipline and question are required. MCQ points must be 1; other question types must be 1-10.,A 415V feeder breaker is rated 250 A with a short-circuit trip (magnetic) set at...
488,❌ Failed,Discipline and question are required. MCQ points must be 1; other question types must be 1-10.,"Review the following MV cable test report (33 kV cable, 500 m run) and identify ..."
489,❌ Failed,Discipline and question are required. MCQ points must be 1; other question types must be 1-10.,"A fluorescent luminaire in a Zone 2, IIA, T4 classified area is found to have it..."
490,❌ Failed,Discipline and question are required. MCQ points must be 1; other question types must be 1-10.,An IFC drawing for a 415V DB shows a 63 A MCB protecting a 35 mm² Cu cable. Veri...
491,❌ Failed,Discipline and question are required. MCQ points must be 1; other question types must be 1-10.,"During commissioning of a 132 kV distance protection relay (21), the protection ..."
492,❌ Failed,Discipline and question are required. MCQ points must be 1; other question types must be 1-10.,You receive a cable schedule for a 415V distribution system. The schedule shows ...
493,❌ Failed,Discipline and question are required. MCQ points must be 1; other question types must be 1-10.,Review the following incoming inspection report for a batch of 12 Ex d IIC T6 ju...
494,❌ Failed,Discipline and question are required. MCQ points must be 1; other question types must be 1-10.,An electrical QC Inspector is reviewing the relay settings file for a 11 kV bus ...
495,❌ Failed,Discipline and question are required. MCQ points must be 1; other question types must be 1-10.,"During a site thermal imaging survey of a 415V switchboard under full load, the ..."
496,❌ Failed,Discipline and question are required. MCQ points must be 1; other question types must be 1-10.,Review the following cable drum test data received from the manufacturer before ...
497,❌ Failed,Discipline and question are required. MCQ points must be 1; other question types must be 1-10.,An ARAMCO project requires all electrical equipment in a classified area to have...
498,❌ Failed,Discipline and question are required. MCQ points must be 1; other question types must be 1-10.,A 415V motor control circuit drawing shows a 3-phase motor with: direct-on-line ...
499,❌ Failed,Discipline and question are required. MCQ points must be 1; other question types must be 1-10.,An electrical QC review of project documentation reveals the following: (a) 5 ou...
500,❌ Failed,Discipline and question are required. MCQ points must be 1; other question types must be 1-10.,Calculate the arc flash incident energy at a 415V switchboard location using the...
501,❌ Failed,Discipline and question are required. MCQ points must be 1; other question types must be 1-10.,Review the following commissioning completion certificate checklist for a 11 kV ...
502,✅ Success,,"During loop testing of a 4-20mA pressure transmitter, the applied pressure is at..."
503,✅ Success,,Which protocol is typically used for smart instrument calibration and diagnostic...
504,✅ Success,,A thermocouple (Type K) is connected to a temperature transmitter using copper w...
505,✅ Success,,"An Orifice Plate is used for flow measurement. To measure flow accurately, the f..."
506,✅ Success,,A Safety Instrumented System (SIS) valve is required to be 'Fail-Safe'. The proc...
507,✅ Success,,"During calibration of an RTD (Pt100), the resistance measured at 0°C should be:"
508,✅ Success,,What is the purpose of an intrinsically safe (IS) barrier in an instrument loop?
509,✅ Success,,A control valve is 'hunting' (oscillating continuously around the setpoint). Whi...
510,✅ Success,,"In impulse piping for a liquid flow transmitter (DP type), where should the tran..."
511,✅ Success,,A pressure switch is calibrated to actuate (trip) at 100 psi and reset at 90 psi...
512,✅ Success,,What is the standard pneumatic signal range used in process instrumentation?
513,✅ Success,,"During a loop check, the field instrument is disconnected, and a loop calibrator..."
514,✅ Success,,"According to IEC 61511, SIL stands for:"
515,✅ Success,,A Coriolis mass flowmeter measures:
516,✅ Success,,"In a hazardous area classification (Zone 1), a junction box is marked Ex d IIC T..."
517,✅ Success,,A level transmitter uses a bubbler system. The purge gas flows through a dip tub...
518,✅ Success,,"When calibrating an instrument, 'zero shift' refers to:"
519,✅ Success,,Which type of control valve is best suited for tight shut-off and throttling of ...
520,✅ Success,,What is the function of a 'Positioner' on a pneumatic control valve?
521,✅ Success,,"In an instrument air system, what is the typical requirement for the air dew poi..."
522,✅ Success,,A radar level transmitter uses FMCW (Frequency Modulated Continuous Wave) techno...
523,✅ Success,,Which material is commonly used for the sensing diaphragm of a pressure transmit...
524,✅ Success,,"In a Foundation Fieldbus network, what is the role of the LAS (Link Active Sched..."
525,✅ Success,,A temperature transmitter configured for a PT100 RTD (3-wire) shows a slightly h...
526,✅ Success,,What is the primary advantage of a vortex shedding flowmeter?
527,✅ Success,,Which type of valve characteristic provides equal percentage changes in flow for...
528,✅ Success,,"During a site acceptance test (SAT), an instrument inspector verifies the cable ..."
529,✅ Success,,A magnetic flowmeter requires the fluid being measured to be:
530,✅ Success,,"In an instrument loop diagram (ILD), a symbol showing a circle with a solid hori..."
531,✅ Success,,Which of the following is required for installing instruments in a SIL 3 safety ...
532,✅ Success,,A technician is calibrating a DP transmitter for open tank level measurement. Th...
533,✅ Success,,For a closed tank level measurement using a DP transmitter with a dry leg (wet g...
534,✅ Success,,What is the typical failure mode for a thermocouple?
535,✅ Success,,Which calibration parameter is adjusted first when performing a full calibration...
536,✅ Success,,"In an orifice plate installation, what is the purpose of the 'weep hole' (or ven..."
537,✅ Success,,The 'Cv' of a control valve is defined as:
538,✅ Success,,"When using a deadweight tester to calibrate a pressure gauge, the accuracy of th..."
539,✅ Success,,Which NDT method is typically used to inspect the integrity of the seal welds on...
540,✅ Success,,A 5-valve manifold is commonly used with which type of transmitter?
541,✅ Success,,"In hazardous area wiring, what is the primary purpose of 'cable glands' (e.g., E..."
542,❌ Failed,Discipline and question are required. MCQ points must be 1; other question types must be 1-10.,Describe the step-by-step procedure for performing a wet calibration on a DP tra...
543,❌ Failed,Discipline and question are required. MCQ points must be 1; other question types must be 1-10.,Explain the principle of operation of a Coriolis Mass Flowmeter. Discuss its adv...
544,❌ Failed,Discipline and question are required. MCQ points must be 1; other question types must be 1-10.,You are an Instrumentation QC Inspector reviewing a contractor's loop check pack...
545,❌ Failed,Discipline and question are required. MCQ points must be 1; other question types must be 1-10.,Compare and contrast Foundation Fieldbus (FF) and traditional 4-20mA analog inst...
546,❌ Failed,Discipline and question are required. MCQ points must be 1; other question types must be 1-10.,A control valve is performing poorly (sticking and jumping). Describe the diagno...
547,❌ Failed,Discipline and question are required. MCQ points must be 1; other question types must be 1-10.,"Discuss the requirements for installing instruments in a Class I, Division 1 (or..."
548,❌ Failed,Discipline and question are required. MCQ points must be 1; other question types must be 1-10.,Explain the function of a PID controller. Describe the specific effect of increa...
549,❌ Failed,Discipline and question are required. MCQ points must be 1; other question types must be 1-10.,"What is 'Cavitation' in a control valve? Describe the physical mechanism, its da..."
550,❌ Failed,Discipline and question are required. MCQ points must be 1; other question types must be 1-10.,Describe the procedure and acceptance criteria for performing an Impulse Line Pr...
551,❌ Failed,Discipline and question are required. MCQ points must be 1; other question types must be 1-10.,Explain the principles of operation for an Ultrasonic Flowmeter. Compare Transit...
552,❌ Failed,Discipline and question are required. MCQ points must be 1; other question types must be 1-10.,"As a QC Inspector, what specific checks would you perform on the installation of..."
553,❌ Failed,Discipline and question are required. MCQ points must be 1; other question types must be 1-10.,Discuss the importance of 'Grounding and Shielding' in instrument systems. How d...
554,❌ Failed,Discipline and question are required. MCQ points must be 1; other question types must be 1-10.,Outline the steps required to commission a Motor Operated Valve (MOV) equipped w...
555,❌ Failed,Discipline and question are required. MCQ points must be 1; other question types must be 1-10.,What is a Proof Test in the context of a Safety Instrumented System (SIS)? Why i...
556,❌ Failed,Discipline and question are required. MCQ points must be 1; other question types must be 1-10.,Explain the difference between 'Calibration' and 'Loop Checking'. What are the o...
557,❌ Failed,Discipline and question are required. MCQ points must be 1; other question types must be 1-10.,"Describe the common types of Thermocouples (e.g., J, K, T, E) and RTDs (e.g., Pt..."
558,❌ Failed,Discipline and question are required. MCQ points must be 1; other question types must be 1-10.,A pneumatic control valve fails to stroke fully open when commanded by the DCS. ...
559,❌ Failed,Discipline and question are required. MCQ points must be 1; other question types must be 1-10.,Discuss the requirements for tubing installations (Impulse Lines) for pressure a...
560,❌ Failed,Discipline and question are required. MCQ points must be 1; other question types must be 1-10.,What is an Analyzer Shelter (or AMADAS)? Describe the key QC inspection points f...
561,❌ Failed,Discipline and question are required. MCQ points must be 1; other question types must be 1-10.,Explain the concept of 'Split-Range Control' in a process plant. Provide an exam...
562,✅ Success,,If you find a field instrument with a cracked glass on its display in a Zone 1 h...
563,✅ Success,,Explain the difference between 'Accuracy' and 'Repeatability' when referring to ...
564,✅ Success,,Why must a 3-valve or 5-valve manifold be operated in a specific sequence when r...
565,✅ Success,,"What is a 'Smart' transmitter, and what are its main advantages over a conventio..."
566,✅ Success,,How do you verify the calibration of a pH sensor in the field?
567,✅ Success,,What is the purpose of an 'I/P Converter'?
568,✅ Success,,"During cable pulling, the contractor applies pulling grease (lubricant) to instr..."
569,✅ Success,,Why is it critical to ensure 'Clean and Dry' instrument air? What happens if wat...
570,✅ Success,,What is a 'Thermowell' and why is it used?
571,✅ Success,,Explain what 'Fail-Safe' means in the context of process control.
572,✅ Success,,What is the difference between an 'Active' and a 'Passive' 4-20mA loop device?
573,✅ Success,,You see a contractor using Teflon tape on the threads of a straight-threaded com...
574,✅ Success,,What is a 'Capillary Tube' used for in differential pressure measurement?
575,✅ Success,,What does the term 'Span' mean when calibrating an instrument?
576,✅ Success,,Why do we use RTDs (Pt100) with 3-wire or 4-wire configurations instead of just ...
577,✅ Success,,"In Foundation Fieldbus, what is a 'Terminator' and where should it be installed?"
578,✅ Success,,What is the main safety risk when opening a live junction box in an Intrinsicall...
579,✅ Success,,How do you verify the operation of a solenoid valve?
580,✅ Success,,What is 'Cold Junction Compensation' (CJC) in thermocouple measurement?
581,✅ Success,,"Before signing a loop check folder as accepted, what is the most important thing..."
582,❌ Failed,Discipline and question are required. MCQ points must be 1; other question types must be 1-10.,Calculate the required output of a DP transmitter (4-20mA) measuring liquid leve...
583,❌ Failed,Discipline and question are required. MCQ points must be 1; other question types must be 1-10.,"Review a given P&ID snippet. Identify the following instrument bubbles: FI, FIC,..."
584,❌ Failed,Discipline and question are required. MCQ points must be 1; other question types must be 1-10.,Inspect a physical installation (or photo) of an orifice plate meter run. Identi...
585,❌ Failed,Discipline and question are required. MCQ points must be 1; other question types must be 1-10.,You are provided with a loop calibrator and a standalone 2-wire 4-20mA pressure ...
586,❌ Failed,Discipline and question are required. MCQ points must be 1; other question types must be 1-10.,A Pt100 RTD gives a resistance reading of 119.4 Ohms. Using standard RTD alpha 3...
587,❌ Failed,Discipline and question are required. MCQ points must be 1; other question types must be 1-10.,Examine an ATEX nameplate on an instrument: 'CE 1180 Ex II 2 G Ex d IIC T5 Gb'. ...
588,❌ Failed,Discipline and question are required. MCQ points must be 1; other question types must be 1-10.,Perform a continuity check on a multi-core instrument cable drum before installa...
589,❌ Failed,Discipline and question are required. MCQ points must be 1; other question types must be 1-10.,"Given a control valve data sheet specifying 'Air-to-Open', and a positioner gaug..."
590,❌ Failed,Discipline and question are required. MCQ points must be 1; other question types must be 1-10.,Review a tubing hook-up drawing for a gas pressure transmitter. The drawing show...
591,❌ Failed,Discipline and question are required. MCQ points must be 1; other question types must be 1-10.,Connect a HART communicator to a smart transmitter in a live 4-20mA loop. What i...
592,❌ Failed,Discipline and question are required. MCQ points must be 1; other question types must be 1-10.,Calculate the 'Bench Set' or spring range required for a control valve. Actuator...
593,❌ Failed,Discipline and question are required. MCQ points must be 1; other question types must be 1-10.,Identify the correct Type K thermocouple wire colors based on ANSI (US) and IEC ...
594,❌ Failed,Discipline and question are required. MCQ points must be 1; other question types must be 1-10.,Review a completed Instrument Calibration Certificate. Identify at least 4 criti...
595,❌ Failed,Discipline and question are required. MCQ points must be 1; other question types must be 1-10.,Demonstrate the setup for calibrating a differential pressure transmitter used f...
596,❌ Failed,Discipline and question are required. MCQ points must be 1; other question types must be 1-10.,A Foundation Fieldbus segment has 10 devices. The voltage at the power condition...
597,❌ Failed,Discipline and question are required. MCQ points must be 1; other question types must be 1-10.,"Given a Megger (Insulation Resistance Tester), demonstrate how to safely test a ..."
598,❌ Failed,Discipline and question are required. MCQ points must be 1; other question types must be 1-10.,Analyze a scenario where an Orifice plate is installed with the bevel facing ups...
599,❌ Failed,Discipline and question are required. MCQ points must be 1; other question types must be 1-10.,You are inspecting a newly installed radar level transmitter on a storage tank. ...
600,❌ Failed,Discipline and question are required. MCQ points must be 1; other question types must be 1-10.,Demonstrate how to check the stroke time of an Emergency Shutdown (ESD) valve. W...
601,❌ Failed,Discipline and question are required. MCQ points must be 1; other question types must be 1-10.,Review a Hazardous Area layout drawing. An instrument is located in a Zone 0 are...
602,✅ Success,,"When routing instrument and electrical power cables in the same trench, what is ..."
603,✅ Success,,"In a hazardous area classification drawing, a sump pit containing flammable liqu..."
604,✅ Success,,"What is the primary purpose of a 'Cable Transit System' (e.g., MCT - Multi Cable..."
605,✅ Success,,Which of the following grounding systems is dedicated solely to protecting sensi...
606,✅ Success,,An Ex e (Increased Safety) junction box relies on which principle for explosion ...
607,✅ Success,,What is the standard testing voltage for performing an Insulation Resistance (Me...
608,✅ Success,,When installing a gland on an armored cable (SWA) entering an Ex d (Flameproof) ...
609,✅ Success,,A DCS analog output card sends a 4-20mA signal to a control valve positioner. If...
610,✅ Success,,"In an Intrinsically Safe (IS) circuit, what color is globally recognized for IS ..."
611,✅ Success,,Which device is used to safely isolate a high-voltage electrical circuit to allo...
612,✅ Success,,What does the term 'Cold Junction Compensation' apply to?
613,✅ Success,,What is the purpose of an 'End of Line' (EOL) resistor in a fire and gas detecti...
614,✅ Success,,"When installing cable trays for electrical and instrumentation cables, how shoul..."
615,✅ Success,,A variable frequency drive (VFD) is used to control a pump motor. What type of c...
616,✅ Success,,What is the typical failure mode (safe state) for an ESD (Emergency Shutdown) bl...
617,✅ Success,,"In ATEX/IECEx marking, what does 'Ex i' indicate?"
618,✅ Success,,A Fieldbus segment requires power. How is power delivered to Foundation Fieldbus...
619,✅ Success,,"When performing a loop check on a motor from the DCS, what signal is typically s..."
620,✅ Success,,Which test is critical to perform on an electrical motor before coupling it to a...
621,✅ Success,,What is the function of a 'Zener Barrier' in an instrumentation circuit?
622,✅ Success,,"According to NEC/API RP 500, how is a 'Class I, Division 2' area defined?"
623,✅ Success,,"When calibrating a smart pressure transmitter, what does the term 'Trim' mean?"
624,✅ Success,,What type of signal does a standard industrial RTD (Resistance Temperature Detec...
625,✅ Success,,"In an electrical schematic, what does 'NO' and 'NC' stand for regarding relay co..."
626,✅ Success,,Why are instrumentation cable shields grounded at one end only?
627,✅ Success,,What is the primary purpose of a 'Seal Fitting' (EYS) in a conduit system instal...
628,✅ Success,,"During a megger test on a 415V motor, the resistance is measured between the pha..."
629,✅ Success,,A 'P&ID' is a critical document for E&I QC. What does P&ID stand for?
630,✅ Success,,Which device is used to measure the current flowing through a large high-voltage...
631,✅ Success,,A solenoid valve coil is rated for 24VDC. The technician measures the voltage at...
632,✅ Success,,"In SIL (Safety Integrity Level) terminology, what does 'PFD' stand for?"
633,✅ Success,,What is the function of an 'Interposing Relay' in a DCS motor control circuit?
634,✅ Success,,"When inspecting an Ex d (Flameproof) enclosure after maintenance, you notice a d..."
635,✅ Success,,A 'UPS' is critical in E&I systems. What does UPS stand for and what is its prim...
636,✅ Success,,Which calibration parameter describes the maximum difference between upscale and...
637,✅ Success,,What is the purpose of 'Heat Tracing' on instrument impulse lines?
638,✅ Success,,"In fiber optic communications, what does an 'OTDR' measure?"
639,✅ Success,,"A control valve requires a 4-20mA signal and a 60 psi air supply. However, the D..."
640,✅ Success,,"When meggering a motor, you must strictly avoid meggering which type of componen..."
641,✅ Success,,What is a 'Junction Box (JB)' primary function in an E&I installation?
642,❌ Failed,Discipline and question are required. MCQ points must be 1; other question types must be 1-10.,Explain the differences between Intrinsically Safe (Ex i) and Flameproof (Ex d) ...
643,❌ Failed,Discipline and question are required. MCQ points must be 1; other question types must be 1-10.,Describe the step-by-step process of performing a complete loop check for a moto...
644,❌ Failed,Discipline and question are required. MCQ points must be 1; other question types must be 1-10.,You are auditing a contractor's cable tray installation in a petrochemical plant...
645,❌ Failed,Discipline and question are required. MCQ points must be 1; other question types must be 1-10.,What is a Safety Instrumented System (SIS)? How does it differ from a Basic Proc...
646,❌ Failed,Discipline and question are required. MCQ points must be 1; other question types must be 1-10.,Detail the procedure for calibrating a Smart Differential Pressure Transmitter u...
647,❌ Failed,Discipline and question are required. MCQ points must be 1; other question types must be 1-10.,Discuss the importance and methodology of testing a plant's Grounding (Earthing)...
648,❌ Failed,Discipline and question are required. MCQ points must be 1; other question types must be 1-10.,A newly installed control valve is hunting (oscillating) uncontrollably. As the ...
649,❌ Failed,Discipline and question are required. MCQ points must be 1; other question types must be 1-10.,Explain the principles of Foundation Fieldbus (FF). How does its architecture re...
650,❌ Failed,Discipline and question are required. MCQ points must be 1; other question types must be 1-10.,Describe the inspection criteria for cable glanding and termination of a Steel W...
651,❌ Failed,Discipline and question are required. MCQ points must be 1; other question types must be 1-10.,What is an Automatic Transfer Switch (ATS) and a Uninterruptible Power Supply (U...
652,❌ Failed,Discipline and question are required. MCQ points must be 1; other question types must be 1-10.,Discuss the specific hazards associated with Variable Frequency Drives (VFDs) re...
653,❌ Failed,Discipline and question are required. MCQ points must be 1; other question types must be 1-10.,Detail the requirements for installing impulse tubing for a differential pressur...
654,❌ Failed,Discipline and question are required. MCQ points must be 1; other question types must be 1-10.,Outline the Quality Control documentation package (dossier) required for the han...
655,❌ Failed,Discipline and question are required. MCQ points must be 1; other question types must be 1-10.,A motor control center (MCC) is being tested prior to energization. Describe the...
656,❌ Failed,Discipline and question are required. MCQ points must be 1; other question types must be 1-10.,Explain the operating principle of a Coriolis mass flowmeter. Why is the install...
657,❌ Failed,Discipline and question are required. MCQ points must be 1; other question types must be 1-10.,Discuss the purpose of a Fire and Gas (F&G) System in an oil and gas facility. D...
658,❌ Failed,Discipline and question are required. MCQ points must be 1; other question types must be 1-10.,You are inspecting the termination of a fiber optic cable in a control room patc...
659,❌ Failed,Discipline and question are required. MCQ points must be 1; other question types must be 1-10.,Describe the concept of 'Cathodic Protection' (CP) for underground pipelines. Wh...
660,❌ Failed,Discipline and question are required. MCQ points must be 1; other question types must be 1-10.,"In the context of Control Valves, explain the phenomena of 'Flashing' and 'Cavit..."
661,❌ Failed,Discipline and question are required. MCQ points must be 1; other question types must be 1-10.,Discuss the requirements for 'Lockout/Tagout' (LOTO) when performing maintenance...
662,✅ Success,,What is the primary safety purpose of grounding (earthing) the metal casing of a...
663,✅ Success,,"When looking at a P&ID, what is the difference between a solid line, a dashed li..."
664,✅ Success,,You find a contractor using standard PVC electrical tape to splice an instrument...
665,✅ Success,,What is the purpose of an RTD (Resistance Temperature Detector) and how does it ...
666,✅ Success,,Explain why a 4-20mA standard is used for analog signals instead of 0-20mA.
667,✅ Success,,"What does a 'Megger' do, and why must you disconnect electronic instruments befo..."
668,✅ Success,,"What is an 'Explosion-proof' (Ex d) enclosure, and how does it protect the plant..."
669,✅ Success,,Why is it important to strictly follow the manufacturer's recommended bend radiu...
670,✅ Success,,"What is a 'Bump Test' on a motor, and when should it be performed?"
671,✅ Success,,Explain the function of a 'Current Transformer' (CT) in an electrical switchgear...
672,✅ Success,,What is the difference between a 'Digital Input' (DI) and an 'Analog Input' (AI)...
673,✅ Success,,"During cable tray inspection, why must you ensure that the cable fill does not e..."
674,✅ Success,,"What is a 'Limit Switch' on a control valve, and how is it used by the DCS?"
675,✅ Success,,Why is 'Ferruling' (wire marking) critical inside a junction box or control pane...
676,✅ Success,,What is the difference between a 'Normally Open' (NO) and 'Normally Closed' (NC)...
677,✅ Success,,"In a Fire and Gas system, what is an 'End of Line' (EOL) resistor?"
678,✅ Success,,"What is 'Intrinsically Safe' (IS) grounding, and why must it be separated from p..."
679,✅ Success,,You are inspecting a newly installed radar level transmitter. The contractor lef...
680,✅ Success,,What is a 'Thermocouple Extension Wire' and why can't you use standard copper wi...
681,✅ Success,,Explain the role of an I/P (Current to Pressure) transducer on a pneumatic contr...
682,❌ Failed,Discipline and question are required. MCQ points must be 1; other question types must be 1-10.,Identify and demonstrate how to use a Digital Multimeter to test a 24VDC solenoi...
683,❌ Failed,Discipline and question are required. MCQ points must be 1; other question types must be 1-10.,"Given a P&ID snippet, trace the signal path of a pressure control loop from the ..."
684,❌ Failed,Discipline and question are required. MCQ points must be 1; other question types must be 1-10.,Inspect a physical (or photo) termination of a Steel Wire Armored (SWA) cable in...
685,❌ Failed,Discipline and question are required. MCQ points must be 1; other question types must be 1-10.,Demonstrate the setup for calibrating a Type K Thermocouple transmitter on the b...
686,❌ Failed,Discipline and question are required. MCQ points must be 1; other question types must be 1-10.,"Given a loop drawing and a multimeter, demonstrate how to measure the 4-20mA sig..."
687,❌ Failed,Discipline and question are required. MCQ points must be 1; other question types must be 1-10.,Perform a physical inspection of an Ex d (Flameproof) junction box before the co...
688,❌ Failed,Discipline and question are required. MCQ points must be 1; other question types must be 1-10.,"Interpret an instrument cable schedule. Given a cable tag, identify the source, ..."
689,❌ Failed,Discipline and question are required. MCQ points must be 1; other question types must be 1-10.,A motor is controlled by a 'Start/Stop' push-button station. Given a basic elect...
690,❌ Failed,Discipline and question are required. MCQ points must be 1; other question types must be 1-10.,Conduct a visual inspection of an installed impulse tubing run for a liquid flow...
691,❌ Failed,Discipline and question are required. MCQ points must be 1; other question types must be 1-10.,Demonstrate how to verify a 3-phase motor's windings using a multimeter (before ...
692,❌ Failed,Discipline and question are required. MCQ points must be 1; other question types must be 1-10.,You are given a HART communicator. Demonstrate how to connect it to a smart pres...
693,❌ Failed,Discipline and question are required. MCQ points must be 1; other question types must be 1-10.,Inspect an installed grounding (earthing) connection on a steel vessel. What are...
694,❌ Failed,Discipline and question are required. MCQ points must be 1; other question types must be 1-10.,"Given a set of PID tuning parameters (P=2.0, I=10s, D=0s) on a level controller,..."
695,❌ Failed,Discipline and question are required. MCQ points must be 1; other question types must be 1-10.,Identify the correct method for terminating shielded twisted pair (STP) instrume...
696,❌ Failed,Discipline and question are required. MCQ points must be 1; other question types must be 1-10.,"Perform a functional test of a point combustible gas detector (e.g., LEL Catalyt..."
697,❌ Failed,Discipline and question are required. MCQ points must be 1; other question types must be 1-10.,"Review an Electrical Single Line Diagram (SLD). Locate a specific motor starter,..."
698,❌ Failed,Discipline and question are required. MCQ points must be 1; other question types must be 1-10.,Explain and demonstrate how to check for an 'Earth Fault' (Ground Fault) on a 24...
699,❌ Failed,Discipline and question are required. MCQ points must be 1; other question types must be 1-10.,Inspect a pneumatic control valve positioner hookup. Identify the air supply por...
700,❌ Failed,Discipline and question are required. MCQ points must be 1; other question types must be 1-10.,Demonstrate the procedure to safely isolate a 415V motor for mechanical maintena...
701,❌ Failed,Discipline and question are required. MCQ points must be 1; other question types must be 1-10.,You are commissioning a radar level transmitter. The tank is currently empty. De...
702,✅ Success,,"According to ISO 8501-1, what does the surface preparation grade 'Sa 2.5' repres..."
703,✅ Success,,"Before any abrasive blast cleaning is performed on a steel surface, what is the ..."
704,✅ Success,,"When measuring environmental conditions before coating application, the steel su..."
705,✅ Success,,What instrument is used to measure the surface profile (anchor pattern) created ...
706,✅ Success,,A multi-component epoxy coating is mixed. The manufacturer's data sheet specifie...
707,✅ Success,,What is the primary purpose of a 'Stripe Coat' during a coating application?
708,✅ Success,,When measuring Dry Film Thickness (DFT) on a blasted surface using a magnetic ga...
709,✅ Success,,"What defect is characterized by tiny, deep holes in the coating film that expose..."
710,✅ Success,,Which of the following abrasive blasting media is STRICTLY prohibited for use on...
711,✅ Success,,High-voltage holiday detection (spark testing) is used to find flaws in coatings...
712,✅ Success,,What is the phenomenon where a coating deteriorates on the surface due to UV lig...
713,✅ Success,,"During surface preparation, a 'Bresle Patch' test is conducted. What is this tes..."
714,✅ Success,,"In a 3-Layer Polyethylene (3LPE) pipeline coating system, what is the primary fu..."
715,✅ Success,,What does the term 'Pot Life' refer to when working with two-component paints?
716,✅ Success,,"A Pull-Off Adhesion Test (e.g., using an Elcometer 106 or Defelsko Positest AT) ..."
717,✅ Success,,What is 'Amine Blush'?
718,✅ Success,,"According to SSPC-PA 2, when taking a 'spot measurement' of Dry Film Thickness, ..."
719,✅ Success,,Which coating defect is characterized by the paint film shrinking and pulling aw...
720,✅ Success,,"In the context of Saudi Aramco standards (SAES-H-001), what is APCS?"
721,✅ Success,,"When applying an inorganic zinc (IOZ) silicate primer, what environmental condit..."
722,✅ Success,,What is the primary purpose of Cathodic Disbondment Testing (CDT) for pipeline c...
723,✅ Success,,A contractor is applying a two-coat epoxy system. The manufacturer specifies a '...
724,✅ Success,,Which abrasive is considered 'expendable' (used once and discarded) due to its f...
725,✅ Success,,What happens if paint is applied at a wet film thickness (WFT) significantly hea...
726,✅ Success,,"In the context of surface preparation, what does the term 'Flash Rust' refer to?"
727,✅ Success,,What is a 'Wet Sponge' holiday detector used for?
728,✅ Success,,"What is the relationship between Wet Film Thickness (WFT), Dry Film Thickness (D..."
729,✅ Success,,"During inspection of a newly painted structural beam, you notice the coating has..."
730,✅ Success,,What is the primary function of an 'Airless' spray system compared to a 'Convent...
731,✅ Success,,A coating specification calls for NACE No. 3 / SSPC-SP 6. What is the common nam...
732,✅ Success,,"When testing for soluble salts using a Bresle patch, why is it critical to ensur..."
733,✅ Success,,Thermal Spray Aluminum (TSA) is specified for a high-temperature piping system. ...
734,✅ Success,,"What defect is typically caused by applying a hard, rigid topcoat over a softer,..."
735,✅ Success,,"According to SSPC-PA 2, if a 'spot measurement' (the average of 3 gauge readings..."
736,✅ Success,,Which standard provides visual reference photographs for evaluating the degree o...
737,✅ Success,,What is 'Osmotic Blistering' in a coating system?
738,✅ Success,,"When mixing a zinc-rich epoxy primer, why must the mixture be continuously agita..."
739,✅ Success,,What is the ISO standard test method for assessing dust quantity and size on ste...
740,✅ Success,,A pipeline is buried underground. Which of the following coating properties is m...
741,✅ Success,,"During application of an internal tank lining (e.g., Novolac Epoxy), the specifi..."
742,❌ Failed,Discipline and question are required. MCQ points must be 1; other question types must be 1-10.,Describe the complete Quality Control inspection process for the surface prepara...
743,❌ Failed,Discipline and question are required. MCQ points must be 1; other question types must be 1-10.,Explain the phenomenon of 'Osmotic Blistering' in protective coatings. What caus...
744,❌ Failed,Discipline and question are required. MCQ points must be 1; other question types must be 1-10.,Compare and contrast Airless Spray and Conventional Air Spray application method...
745,❌ Failed,Discipline and question are required. MCQ points must be 1; other question types must be 1-10.,You are auditing a coating contractor. Outline the specific documentation and tr...
746,❌ Failed,Discipline and question are required. MCQ points must be 1; other question types must be 1-10.,Detail the procedure and acceptance criteria for performing High-Voltage Holiday...
747,❌ Failed,Discipline and question are required. MCQ points must be 1; other question types must be 1-10.,"What is a 'Stripe Coat', why is it critical in offshore and marine environments,..."
748,❌ Failed,Discipline and question are required. MCQ points must be 1; other question types must be 1-10.,Explain the application and curing mechanism of Inorganic Zinc (IOZ) silicate pr...
749,❌ Failed,Discipline and question are required. MCQ points must be 1; other question types must be 1-10.,A contractor is about to apply an epoxy coating over a surface that was primed 1...
750,❌ Failed,Discipline and question are required. MCQ points must be 1; other question types must be 1-10.,Describe the procedure for measuring Dry Film Thickness (DFT) on a complex struc...
751,❌ Failed,Discipline and question are required. MCQ points must be 1; other question types must be 1-10.,"Discuss the different methods of Adhesion Testing (e.g., Cross-Cut, X-Cut, Pull-..."
752,❌ Failed,Discipline and question are required. MCQ points must be 1; other question types must be 1-10.,What is the role of Cathodic Protection (CP) in conjunction with pipeline coatin...
753,❌ Failed,Discipline and question are required. MCQ points must be 1; other question types must be 1-10.,Outline the specific hazards and safety precautions associated with Abrasive Bla...
754,❌ Failed,Discipline and question are required. MCQ points must be 1; other question types must be 1-10.,Explain the 3-Layer Polyethylene (3LPE) coating system used on pipelines. Detail...
755,❌ Failed,Discipline and question are required. MCQ points must be 1; other question types must be 1-10.,You notice a painter thinning a two-part epoxy with an unknown solvent because '...
756,❌ Failed,Discipline and question are required. MCQ points must be 1; other question types must be 1-10.,"Describe the phenomenon of 'Amine Blush'. What coatings does it affect, under wh..."
757,❌ Failed,Discipline and question are required. MCQ points must be 1; other question types must be 1-10.,Discuss the importance of monitoring 'Dew Point' and 'Steel Surface Temperature'...
758,❌ Failed,Discipline and question are required. MCQ points must be 1; other question types must be 1-10.,A tank internal lining exhibits massive 'Sagging' and 'Running' on the vertical ...
759,❌ Failed,Discipline and question are required. MCQ points must be 1; other question types must be 1-10.,Explain the difference between 'Volume Solids' and 'Weight Solids' in a coating ...
760,❌ Failed,Discipline and question are required. MCQ points must be 1; other question types must be 1-10.,What is Thermal Spray Aluminum (TSA)? Describe the application process and its p...
761,❌ Failed,Discipline and question are required. MCQ points must be 1; other question types must be 1-10.,Detail the specific quality control checks required when applying a glass-flake ...
762,✅ Success,,"You measure the ambient conditions: Air Temp is 25°C, Dew Point is 22°C, and Ste..."
763,✅ Success,,A blaster tells you he doesn't need to solvent wipe the steel before blasting be...
764,✅ Success,,What is a 'Blotter Test' and when is it performed?
765,✅ Success,,Explain how you use Testex Replica Tape to measure surface profile.
766,✅ Success,,"What does the term 'Pot Life' mean, and what happens if you apply paint that has..."
767,✅ Success,,"Why is 'Stripe Coating' required on welds, nuts, bolts, and sharp edges?"
768,✅ Success,,You are using a magnetic DFT gauge on freshly blasted steel. Why must you calibr...
769,✅ Success,,What is 'Flash Rust' and what causes it?
770,✅ Success,,Explain the difference between 'Adhesion' and 'Cohesion' in a paint system.
771,✅ Success,,A contractor applies 200 microns Wet Film Thickness (WFT) of a paint that is 60%...
772,✅ Success,,Why is it dangerous to set the voltage too high on a Holiday Detector (Spark Tes...
773,✅ Success,,What is 'Chalking' and what type of paint is most famous for doing it?
774,✅ Success,,You find 'Mud-cracking' in a newly applied Inorganic Zinc (IOZ) primer. What cau...
775,✅ Success,,What is the difference between 'Curing' and 'Drying' of a paint?
776,✅ Success,,A painter wants to add extra thinner to the epoxy because it's a hot day. What a...
777,✅ Success,,What does 'Sa 2.5' mean in ISO 8501-1?
778,✅ Success,,Explain the 'Bresle Patch' test.
779,✅ Success,,You see a painter spraying the second coat of epoxy 3 weeks after the first coat...
780,✅ Success,,What is 'Amine Blush' and how do you get rid of it?
781,✅ Success,,Why must abrasive blasting NOT be performed on stainless steel using carbon stee...
782,❌ Failed,Discipline and question are required. MCQ points must be 1; other question types must be 1-10.,Identify the items required to perform a Blotter Test on a blasting air compress...
783,❌ Failed,Discipline and question are required. MCQ points must be 1; other question types must be 1-10.,"Given a Sling Psychrometer, demonstrate how to determine the ambient relative hu..."
784,❌ Failed,Discipline and question are required. MCQ points must be 1; other question types must be 1-10.,Demonstrate the proper method for measuring surface profile using Testex Replica...
785,❌ Failed,Discipline and question are required. MCQ points must be 1; other question types must be 1-10.,You are handed a WFT (Wet Film Thickness) comb. Demonstrate how to correctly use...
786,❌ Failed,Discipline and question are required. MCQ points must be 1; other question types must be 1-10.,Evaluate a blasted steel panel against the ISO 8501-1 visual standard book. Just...
787,❌ Failed,Discipline and question are required. MCQ points must be 1; other question types must be 1-10.,Demonstrate how to perform a tape test for dust assessment according to ISO 8502...
788,❌ Failed,Discipline and question are required. MCQ points must be 1; other question types must be 1-10.,"Given a Type 2 electronic magnetic DFT gauge and plastic calibration shims, demo..."
789,❌ Failed,Discipline and question are required. MCQ points must be 1; other question types must be 1-10.,Perform a Cross-Cut Adhesion Test (ASTM D3359) on a provided thin-film coated pa...
790,❌ Failed,Discipline and question are required. MCQ points must be 1; other question types must be 1-10.,"Given a Wet Sponge Holiday Detector, demonstrate the setup, verification, and te..."
791,❌ Failed,Discipline and question are required. MCQ points must be 1; other question types must be 1-10.,Calculate the required WFT: The spec requires 150 microns DFT. The paint datashe...
792,❌ Failed,Discipline and question are required. MCQ points must be 1; other question types must be 1-10.,Calculate the required WFT with Thinner: Spec requires 100 microns DFT. Volume s...
793,❌ Failed,Discipline and question are required. MCQ points must be 1; other question types must be 1-10.,"Given a High-Voltage DC Spark Tester, demonstrate how to safely set the voltage ..."
794,❌ Failed,Discipline and question are required. MCQ points must be 1; other question types must be 1-10.,Perform a Bresle Patch extraction (simulation) on a steel panel and explain how ...
795,❌ Failed,Discipline and question are required. MCQ points must be 1; other question types must be 1-10.,"Inspect a painted panel with several defects. Visually identify 'Sagging', 'Pinh..."
796,❌ Failed,Discipline and question are required. MCQ points must be 1; other question types must be 1-10.,Evaluate a coating thickness report according to SSPC-PA 2 rules. Given a set of...
797,❌ Failed,Discipline and question are required. MCQ points must be 1; other question types must be 1-10.,Demonstrate how to determine the mixing ratio of a two-part epoxy if you are mix...
798,❌ Failed,Discipline and question are required. MCQ points must be 1; other question types must be 1-10.,Review a Paint Technical Data Sheet (TDS). Locate and state the 'Pot Life' at 30...
799,❌ Failed,Discipline and question are required. MCQ points must be 1; other question types must be 1-10.,You are inspecting a hot-dip galvanized handrail that needs to be painted. Expla...
800,❌ Failed,Discipline and question are required. MCQ points must be 1; other question types must be 1-10.,Demonstrate the proper way to mix a zinc-rich primer. What is the critical step ...
801,❌ Failed,Discipline and question are required. MCQ points must be 1; other question types must be 1-10.,Analyze a failure scenario: A painted pipeline stored outside for 6 months is no...
802,✅ Success,,"According to ACI 318 and Saudi Aramco standards, what is the maximum allowable t..."
803,✅ Success,,"When performing a slump test (ASTM C143), how many layers of concrete should be ..."
804,✅ Success,,How many times must each layer be rodded during a concrete slump test?
805,✅ Success,,What is the standard temperature range for curing concrete test cylinders in the...
806,✅ Success,,"In earthwork, what does the term 'Optimum Moisture Content' (OMC) refer to?"
807,✅ Success,,What field test is most commonly used to determine the in-place density of compa...
808,✅ Success,,"When casting concrete in hot weather (e.g., summer in Saudi Arabia), what is the..."
809,✅ Success,,What is the primary purpose of 'curing' concrete?
810,✅ Success,,Which additive is commonly used in concrete to resist freeze-thaw cycles (though...
811,✅ Success,,"For a standard compressive strength test (ASTM C39), concrete cylinders are usua..."
812,✅ Success,,"In reinforced concrete, what is 'concrete cover'?"
813,✅ Success,,A soil with a high 'Plasticity Index' (PI) is generally considered:
814,✅ Success,,What is the purpose of 'Vibrating' concrete during placement?
815,✅ Success,,"When overlapping (splicing) reinforcing steel bars (rebar), the length of the la..."
816,✅ Success,,What defect is caused by adding excess water to a concrete mix at the job site t...
817,✅ Success,,Which type of cement is specified for concrete structures exposed to severe sulf...
818,✅ Success,,"According to SAES-Q-001, what is the required protection for reinforcing steel u..."
819,✅ Success,,What is 'Honeycombing' in concrete?
820,✅ Success,,What does 'FDT' stand for in civil earthwork inspection?
821,✅ Success,,"When casting a concrete slab, what is the purpose of 'control joints' (contracti..."
822,✅ Success,,A structural drawing calls for a 'chamfer' on all exposed concrete columns. What...
823,✅ Success,,What is the purpose of a 'Waterstop' in a concrete structure?
824,✅ Success,,"Which test is used to measure the consistency, workability, and flowability of f..."
825,✅ Success,,"When backfilling around a newly constructed concrete retaining wall, what precau..."
826,✅ Success,,What is the allowable tolerance for the placement of reinforcing steel (cover) a...
827,✅ Success,,What is a 'Bleeding' in freshly placed concrete?
828,✅ Success,,What non-destructive test can be used to estimate the in-place compressive stren...
829,✅ Success,,"During asphalt paving operations, what is the purpose of applying a 'Tack Coat'?"
830,✅ Success,,What is 'Laitance' on a concrete surface?
831,✅ Success,,"When pouring a deep concrete column, why is a 'tremie' pipe or elephant trunk us..."
832,✅ Success,,"In surveying and site layout, what does a 'Benchmark' (BM) represent?"
833,✅ Success,,Why are 'Spacers' (or chairs) used when tying rebar inside formwork?
834,✅ Success,,What is the required ambient condition for storing epoxy-coated rebar on site?
835,✅ Success,,"In road construction, what is the layer immediately beneath the asphalt surface ..."
836,✅ Success,,Which admixture is used to drastically increase the slump (flowability) of concr...
837,✅ Success,,What is the standard test to measure the temperature of freshly mixed concrete?
838,✅ Success,,"If a concrete cylinder fails its 28-day compressive strength test, what is the s..."
839,✅ Success,,What does 'Curing Compound' do when sprayed on fresh concrete?
840,✅ Success,,"When welding reinforcing steel, what is the most critical material property to v..."
841,✅ Success,,"In soil compaction, what is the purpose of a 'Sheep's Foot' roller?"
842,❌ Failed,Discipline and question are required. MCQ points must be 1; other question types must be 1-10.,Describe the comprehensive Quality Control inspection process for a major concre...
843,❌ Failed,Discipline and question are required. MCQ points must be 1; other question types must be 1-10.,Explain the significance of the Water-Cement (W/C) ratio in concrete mix design....
844,❌ Failed,Discipline and question are required. MCQ points must be 1; other question types must be 1-10.,Detail the procedure for evaluating a failed 28-day concrete cylinder test. What...
845,❌ Failed,Discipline and question are required. MCQ points must be 1; other question types must be 1-10.,Discuss the specific challenges and required mitigation strategies for casting c...
846,❌ Failed,Discipline and question are required. MCQ points must be 1; other question types must be 1-10.,"What is Soil Compaction, and why is it necessary? Explain the relationship betwe..."
847,❌ Failed,Discipline and question are required. MCQ points must be 1; other question types must be 1-10.,Outline the inspection requirements for Epoxy-Coated Reinforcing Steel (FBE coat...
848,❌ Failed,Discipline and question are required. MCQ points must be 1; other question types must be 1-10.,Describe the procedure for performing a Field Density Test using a Nuclear Moist...
849,❌ Failed,Discipline and question are required. MCQ points must be 1; other question types must be 1-10.,Explain the different types of joints used in concrete slabs on grade (Construct...
850,❌ Failed,Discipline and question are required. MCQ points must be 1; other question types must be 1-10.,You inspect a newly stripped concrete wall and find severe 'Honeycombing' exposi...
851,❌ Failed,Discipline and question are required. MCQ points must be 1; other question types must be 1-10.,Discuss the importance of Anchor Bolt surveying and setting prior to casting con...
852,❌ Failed,Discipline and question are required. MCQ points must be 1; other question types must be 1-10.,"What is non-shrink grout, where is it used, and what specific QC checks are requ..."
853,❌ Failed,Discipline and question are required. MCQ points must be 1; other question types must be 1-10.,Explain the difference between 'Flexible' (Asphalt) and 'Rigid' (Concrete) pavem...
854,❌ Failed,Discipline and question are required. MCQ points must be 1; other question types must be 1-10.,Detail the inspection requirements for Hot Mix Asphalt (HMA) paving operations. ...
855,❌ Failed,Discipline and question are required. MCQ points must be 1; other question types must be 1-10.,Discuss the mechanisms of Sulfate Attack and Chloride-induced Corrosion in reinf...
856,❌ Failed,Discipline and question are required. MCQ points must be 1; other question types must be 1-10.,Describe the Standard Penetration Test (SPT) used in geotechnical investigations...
857,❌ Failed,Discipline and question are required. MCQ points must be 1; other question types must be 1-10.,"What is 'Plastic Shrinkage Cracking' in concrete? When does it occur, what cause..."
858,❌ Failed,Discipline and question are required. MCQ points must be 1; other question types must be 1-10.,You are inspecting structural steel erection. Explain the QC requirements for ve...
859,❌ Failed,Discipline and question are required. MCQ points must be 1; other question types must be 1-10.,Discuss the importance of maintaining an accurate 'As-Built' survey for undergro...
860,❌ Failed,Discipline and question are required. MCQ points must be 1; other question types must be 1-10.,Explain the procedure and purpose of a 'Pile Load Test' (Static Load Test) for d...
861,❌ Failed,Discipline and question are required. MCQ points must be 1; other question types must be 1-10.,"What is 'Laitance', why is it detrimental to construction joints, and how must a..."
862,✅ Success,,A concrete transit mixer arrives on site. The ticket shows it was batched 2 hour...
863,✅ Success,,"During a slump test, after removing the cone, the concrete simply collapses into..."
864,✅ Success,,"You see a laborer using a high-pressure hose to wash down the formwork, leaving ..."
865,✅ Success,,What is the difference between 'Curing' and 'Drying' concrete?
866,✅ Success,,Why do we cover epoxy-coated rebar with tarps while it sits in the laydown yard?
867,✅ Success,,You are testing compacted soil with a nuclear gauge. The reading shows 89% compa...
868,✅ Success,,A concrete pump operator is dropping concrete 4 meters down into a column form w...
869,✅ Success,,What is 'Concrete Cover' and why is it so strictly inspected?
870,✅ Success,,You find the contractor welding rebar together because they ran out of tie wire....
871,✅ Success,,Explain the purpose of a 'Waterstop' in a concrete retaining wall.
872,✅ Success,,The contractor is pouring concrete and it's raining heavily. What do you do?
873,✅ Success,,What does a 'Schmidt Hammer' (Rebound Hammer) tell you about concrete?
874,✅ Success,,Why must we vibrate concrete?
875,✅ Success,,What happens if a worker leaves the vibrator in one spot in the concrete for a l...
876,✅ Success,,What is the difference between a Construction Joint and a Control Joint?
877,✅ Success,,"You see a dark, damp patch on the outside of a concrete water tank that was pour..."
878,✅ Success,,Explain 'Tack Coat' and 'Prime Coat' in asphalt paving.
879,✅ Success,,What is the role of the Surveyor's 'Benchmark'?
880,❌ Failed,Discipline and question are required. MCQ points must be 1; other question types must be 1-10.,"The concrete cylinder failed at 28 days. The project manager says, 'Just pour th..."
881,✅ Success,,Why do we chamfer the corners of concrete columns?
882,❌ Failed,Discipline and question are required. MCQ points must be 1; other question types must be 1-10.,Identify the equipment required to perform a Concrete Slump Test (ASTM C143) and...
883,❌ Failed,Discipline and question are required. MCQ points must be 1; other question types must be 1-10.,Demonstrate how to read a batch ticket from a ready-mix concrete truck to ensure...
884,❌ Failed,Discipline and question are required. MCQ points must be 1; other question types must be 1-10.,Inspect a physical rebar cage (or photograph). Identify at least 3 critical QC c...
885,❌ Failed,Discipline and question are required. MCQ points must be 1; other question types must be 1-10.,"Given a set of 3 concrete test cylinders cast yesterday, demonstrate how they sh..."
886,❌ Failed,Discipline and question are required. MCQ points must be 1; other question types must be 1-10.,Review a compaction test report (Proctor curve and Field Density Test). Determin...
887,❌ Failed,Discipline and question are required. MCQ points must be 1; other question types must be 1-10.,Demonstrate the use of a digital thermometer to measure the temperature of fresh...
888,❌ Failed,Discipline and question are required. MCQ points must be 1; other question types must be 1-10.,Inspect a photo of a newly stripped concrete column showing severe 'honeycombing...
889,❌ Failed,Discipline and question are required. MCQ points must be 1; other question types must be 1-10.,"Given a structural drawing, locate the requirement for concrete cover on a found..."
890,❌ Failed,Discipline and question are required. MCQ points must be 1; other question types must be 1-10.,Explain how to verify the installation of a PVC Waterstop in a construction join...
891,❌ Failed,Discipline and question are required. MCQ points must be 1; other question types must be 1-10.,Review a batch ticket where the contractor added 20 gallons of water at the site...
892,❌ Failed,Discipline and question are required. MCQ points must be 1; other question types must be 1-10.,Demonstrate the visual inspection of structural steel high-strength bolts tighte...
893,❌ Failed,Discipline and question are required. MCQ points must be 1; other question types must be 1-10.,Inspect a photo of an asphalt paving operation. The roller is working far behind...
894,❌ Failed,Discipline and question are required. MCQ points must be 1; other question types must be 1-10.,"Given a set of construction drawings, identify the difference between a Plan vie..."
895,❌ Failed,Discipline and question are required. MCQ points must be 1; other question types must be 1-10.,Demonstrate how to check the plumbness (vertical alignment) of a concrete column...
896,❌ Failed,Discipline and question are required. MCQ points must be 1; other question types must be 1-10.,Evaluate a scenario: You are pouring a large slab. The ready-mix plant breaks do...
897,❌ Failed,Discipline and question are required. MCQ points must be 1; other question types must be 1-10.,"Inspect a photo of epoxy-coated rebar showing a large chip in the green coating,..."
898,❌ Failed,Discipline and question are required. MCQ points must be 1; other question types must be 1-10.,Describe how you would verify the thickness of an asphalt road course during lay...
899,❌ Failed,Discipline and question are required. MCQ points must be 1; other question types must be 1-10.,You notice plastic shrinkage cracks appearing on a concrete slab 30 minutes afte...
900,❌ Failed,Discipline and question are required. MCQ points must be 1; other question types must be 1-10.,Check a foundation excavation (trench) before concrete blinding is poured. What ...
901,❌ Failed,Discipline and question are required. MCQ points must be 1; other question types must be 1-10.,Demonstrate how to verify that a freshly applied curing compound is adequate.
902,✅ Success,,"According to NACE SP0169, what is the primary criterion for adequate cathodic pr..."
903,✅ Success,,"In a galvanic (sacrificial) anode cathodic protection system, what drives the pr..."
904,✅ Success,,Which reference electrode is most commonly used for measuring pipe-to-soil poten...
905,✅ Success,,What reference electrode is typically used for measuring potentials in seawater ...
906,✅ Success,,What is 'IR Drop' in the context of Cathodic Protection measurements?
907,✅ Success,,"In an Impressed Current Cathodic Protection (ICCP) system, what is the function ..."
908,✅ Success,,Which of the following is a common material used for Impressed Current Anodes?
909,✅ Success,,What is the alternative NACE criterion for adequate cathodic protection if the -...
910,✅ Success,,What is 'Stray Current' corrosion?
911,✅ Success,,"When installing a galvanic anode (e.g., magnesium) in soil, what surrounds the a..."
912,✅ Success,,"In CP testing, what does the term 'Native Potential' or 'Static Potential' mean?"
913,✅ Success,,"What device is installed in a pipeline at specific locations (e.g., entering a p..."
914,✅ Success,,"What is the risk of 'Over-protection' (driving the potential too negative, e.g.,..."
915,✅ Success,,"When measuring pipe-to-soil potential with a standard digital multimeter, which ..."
916,✅ Success,,What instrument is required to accurately perform 'Instant-Off' potential measur...
917,✅ Success,,Which method is most commonly used to measure the electrical resistivity of the ...
918,✅ Success,,"In an Impressed Current system, how must the DC cables be connected to ensure pr..."
919,✅ Success,,What is the primary purpose of a 'CIPS' (Close Interval Potential Survey) on a b...
920,✅ Success,,What is a 'DCVG' (Direct Current Voltage Gradient) survey used for?
921,✅ Success,,"Why must thermite welds (e.g., Cadweld) used to attach CP cables to a pipeline b..."
922,✅ Success,,A galvanic magnesium anode is tested before connection to the pipeline. Its open...
923,✅ Success,,What device allows CP current to pass between a pipeline and a plant grounding g...
924,✅ Success,,Which of the following environments has the LOWEST electrical resistivity (and i...
925,✅ Success,,When conducting a current requirement test on a new pipeline to size a CP system...
926,✅ Success,,What is the typical consumption rate of a High Silicon Cast Iron (HSCI) impresse...
927,✅ Success,,An insulating flange kit fails and shorts out. What is the immediate effect on t...
928,✅ Success,,What is 'Microbiologically Influenced Corrosion' (MIC)?
929,✅ Success,,"During a CP survey, you measure a pipe-to-soil potential of -1.150 V (CSE) with ..."
930,✅ Success,,Why must the porous plug of a Copper/Copper Sulfate (CSE) reference electrode be...
931,✅ Success,,What is a 'Deep Well Groundbed' in ICCP systems?
932,✅ Success,,"When testing the insulation of an isolation flange BEFORE it is buried, what is ..."
933,✅ Success,,What is the purpose of 'Coke Breeze' backfill in an Impressed Current groundbed?
934,✅ Success,,A pipeline runs parallel to a high-voltage overhead AC transmission line. What C...
935,✅ Success,,"In a Galvanic (Sacrificial) Anode system, what restricts the total current outpu..."
936,✅ Success,,Which testing method verifies the bond between the copper cable and the steel pi...
937,✅ Success,,What is 'Depolarization' in the context of CP criteria?
938,✅ Success,,Why must you place the reference electrode exactly over the centerline of the bu...
939,✅ Success,,What does the term 'Attenuation' mean in a cathodic protection system?
940,✅ Success,,"When installing a Transformer Rectifier, what must be done to the enclosure for ..."
941,✅ Success,,What is a 'Bond Box' or 'Resistance Bond' used for where two different pipelines...
942,❌ Failed,Discipline and question are required. MCQ points must be 1; other question types must be 1-10.,Explain the theory of Cathodic Protection. Detail the four required components o...
943,❌ Failed,Discipline and question are required. MCQ points must be 1; other question types must be 1-10.,Compare and contrast Galvanic (Sacrificial) Anode systems with Impressed Current...
944,❌ Failed,Discipline and question are required. MCQ points must be 1; other question types must be 1-10.,Describe the procedure for performing a 'Close Interval Potential Survey' (CIPS)...
945,❌ Failed,Discipline and question are required. MCQ points must be 1; other question types must be 1-10.,What is 'Stray Current Interference'? Describe a scenario where it occurs betwee...
946,❌ Failed,Discipline and question are required. MCQ points must be 1; other question types must be 1-10.,Detail the NACE SP0169 criteria for Cathodic Protection. Explain the difference ...
947,❌ Failed,Discipline and question are required. MCQ points must be 1; other question types must be 1-10.,You are inspecting the installation of a Deep Well Groundbed for an ICCP system....
948,❌ Failed,Discipline and question are required. MCQ points must be 1; other question types must be 1-10.,Explain the function of a Transformer Rectifier (TR) in an ICCP system. Describe...
949,❌ Failed,Discipline and question are required. MCQ points must be 1; other question types must be 1-10.,Discuss the installation and testing of an Insulating Flange Kit (Isolation Join...
950,❌ Failed,Discipline and question are required. MCQ points must be 1; other question types must be 1-10.,What is 'Cathodic Disbondment' and why is it a major concern for pipeline integr...
951,❌ Failed,Discipline and question are required. MCQ points must be 1; other question types must be 1-10.,Describe the procedure for performing a Soil Resistivity survey using the Wenner...
952,❌ Failed,Discipline and question are required. MCQ points must be 1; other question types must be 1-10.,Detail the procedure for preparing and executing a Thermite Weld (Cadweld) to at...
953,❌ Failed,Discipline and question are required. MCQ points must be 1; other question types must be 1-10.,What is a 'DCVG' survey and how does it differ from a 'CIPS' survey? When would ...
954,❌ Failed,Discipline and question are required. MCQ points must be 1; other question types must be 1-10.,Discuss the concept of 'AC Mitigation' on pipelines sharing a corridor with high...
955,❌ Failed,Discipline and question are required. MCQ points must be 1; other question types must be 1-10.,Explain how a Copper/Copper Sulfate (CSE) Reference Electrode works. How do you ...
956,❌ Failed,Discipline and question are required. MCQ points must be 1; other question types must be 1-10.,A new pipeline has been installed and coated with 3LPE. The CP system is turned ...
957,❌ Failed,Discipline and question are required. MCQ points must be 1; other question types must be 1-10.,You arrive at a test station to measure CP potentials. The wire is broken off fl...
958,❌ Failed,Discipline and question are required. MCQ points must be 1; other question types must be 1-10.,Describe the structure and function of a 'Test Station' in a CP system. What typ...
959,❌ Failed,Discipline and question are required. MCQ points must be 1; other question types must be 1-10.,Discuss the hazards of Hydrogen Embrittlement related to Cathodic Protection. Wh...
960,❌ Failed,Discipline and question are required. MCQ points must be 1; other question types must be 1-10.,What is 'Microbiologically Influenced Corrosion' (MIC)? How do Sulfate-Reducing ...
961,❌ Failed,Discipline and question are required. MCQ points must be 1; other question types must be 1-10.,You are commissioning a newly installed Impressed Current CP system. Outline the...
962,✅ Success,,Why is the 'Instant-Off' potential measurement considered more accurate than the...
963,✅ Success,,You measure a pipe-to-soil potential of -0.650 V (CSE). The pipeline has no CP c...
964,✅ Success,,What is the difference between a Sacrificial Anode and an Impressed Current Anod...
965,✅ Success,,You open a rectifier cabinet and see that the positive cable is bolted to the st...
966,✅ Success,,Why must you coat a thermite weld (Cadweld) on a pipeline?
967,✅ Success,,What is 'Cathodic Disbondment'?
968,✅ Success,,How does a Copper/Copper Sulfate Reference Electrode work?
969,✅ Success,,You are doing a CP survey and your multimeter numbers are jumping all over the p...
970,✅ Success,,What is 'Stray Current' and why is it dangerous?
971,✅ Success,,What is an Isolation Flange kit used for?
972,✅ Success,,Why do we put 'Coke Breeze' around Impressed Current anodes in a groundbed?
973,✅ Success,,Explain the 100 mV Polarization Shift criterion.
974,✅ Success,,What is the difference between CIPS and DCVG surveys?
975,✅ Success,,A magnesium anode is connected to a pipeline. The soil is dry sand with a resist...
976,✅ Success,,What is the risk of having a CP potential of -1.300 V on a high-strength steel p...
977,✅ Success,,"When taking a pipe-to-soil measurement, which color lead of the multimeter goes ..."
978,✅ Success,,You are inspecting an isolation flange using a standard digital multimeter set t...
979,✅ Success,,What is a Solid State Decoupler (SSD) used for on a pipeline?
980,✅ Success,,What does 'Attenuation' mean in a cathodic protection system?
981,✅ Success,,How do you 'Hammer Test' a thermite weld?
982,❌ Failed,Discipline and question are required. MCQ points must be 1; other question types must be 1-10.,Demonstrate how to properly set up a digital multimeter and a Copper/Copper Sulf...
983,❌ Failed,Discipline and question are required. MCQ points must be 1; other question types must be 1-10.,Review a CP survey log. The 'On' potential is -1.250 V. The 'Instant-Off' potent...
984,❌ Failed,Discipline and question are required. MCQ points must be 1; other question types must be 1-10.,Identify the components required to make a Thermite Weld (Cadweld) on a pipe and...
985,❌ Failed,Discipline and question are required. MCQ points must be 1; other question types must be 1-10.,You are provided with an unfamiliar Rectifier. Demonstrate how you would safely ...
986,❌ Failed,Discipline and question are required. MCQ points must be 1; other question types must be 1-10.,Inspect a Copper/Copper Sulfate Reference Electrode (CSE) and determine if it is...
987,❌ Failed,Discipline and question are required. MCQ points must be 1; other question types must be 1-10.,"Given a Soil Resistivity Meter (e.g., Nilsson) and 4 pins, draw the setup for a ..."
988,❌ Failed,Discipline and question are required. MCQ points must be 1; other question types must be 1-10.,"Review a schematic of an Impressed Current CP system. Identify the Rectifier, An..."
989,❌ Failed,Discipline and question are required. MCQ points must be 1; other question types must be 1-10.,An isolation flange is installed above ground. Demonstrate how you would test it...
990,❌ Failed,Discipline and question are required. MCQ points must be 1; other question types must be 1-10.,Explain how to perform a 100 mV Polarization Decay (Depolarization) test.
991,❌ Failed,Discipline and question are required. MCQ points must be 1; other question types must be 1-10.,Inspect a photograph of an excavated pipeline showing severe pitting corrosion g...
992,❌ Failed,Discipline and question are required. MCQ points must be 1; other question types must be 1-10.,Calculate the expected current output of a Magnesium Anode system. Driving volta...
993,❌ Failed,Discipline and question are required. MCQ points must be 1; other question types must be 1-10.,You measure the potential on a pipeline and get a reading of +0.850 V instead of...
994,❌ Failed,Discipline and question are required. MCQ points must be 1; other question types must be 1-10.,Review a set of CIPS (Close Interval Potential Survey) data plotted on a graph. ...
995,❌ Failed,Discipline and question are required. MCQ points must be 1; other question types must be 1-10.,Demonstrate how to read a Rectifier Shunt to determine current output. The shunt...
996,❌ Failed,Discipline and question are required. MCQ points must be 1; other question types must be 1-10.,Evaluate a scenario: A pipeline is protected by ICCP. The rectifier is maxed out...
997,❌ Failed,Discipline and question are required. MCQ points must be 1; other question types must be 1-10.,Identify the difference between a Magnesium anode and a Zinc anode visually or b...
998,❌ Failed,Discipline and question are required. MCQ points must be 1; other question types must be 1-10.,Inspect a test station box. There are two thick cables and two thin cables. Expl...
999,❌ Failed,Discipline and question are required. MCQ points must be 1; other question types must be 1-10.,You are tasked with installing a galvanic anode. Demonstrate the preparation of ...
1000,❌ Failed,Discipline and question are required. MCQ points must be 1; other question types must be 1-10.,Review a DCVG (Direct Current Voltage Gradient) survey report. The operator note...
1001,❌ Failed,Discipline and question are required. MCQ points must be 1; other question types must be 1-10.,Explain the safety procedures required when working on a pipeline affected by AC...
1002,✅ Success,,"According to TIA/EIA-568 standards, what is the maximum allowable permanent link..."
1003,✅ Success,,"When terminating a Cat 6 UTP cable onto an RJ45 jack, how much untwisting of the..."
1004,✅ Success,,"In single-mode fiber optic cabling (SMF), what is the typical core diameter?"
1005,✅ Success,,What is the primary cause of 'Attenuation' in an optical fiber?
1006,✅ Success,,When performing an OTDR (Optical Time-Domain Reflectometer) test on a fiber opti...
1007,✅ Success,,"According to Saudi Aramco standard SAES-T-911, what is the required physical sep..."
1008,✅ Success,,What is 'NEXT' in copper data cabling testing?
1009,✅ Success,,Which fiber optic connector type uses a 'push-pull' latching mechanism and has a...
1010,✅ Success,,"In outside plant (OSP) fiber optic cable installation, what is the primary purpo..."
1011,✅ Success,,"When terminating structured cabling, the T568B wiring scheme dictates that Pin 1..."
1012,✅ Success,,What is the maximum acceptable insertion loss (attenuation) for a single fusion ...
1013,✅ Success,,Which of the following wavelengths is standard for long-haul Single-Mode Fiber (...
1014,✅ Success,,"In a telecommunications grounding system (TMGB/TGB), what is the maximum accepta..."
1015,✅ Success,,What does the term 'PoE' stand for in networking?
1016,✅ Success,,A contractor is pulling a 48-core fiber optic cable through a conduit. What is a...
1017,✅ Success,,"In microwave radio communications, what does 'Line of Sight' (LOS) refer to?"
1018,✅ Success,,What is 'Return Loss' in a copper data cabling test?
1019,✅ Success,,Which tool is mandatory for definitively certifying that a newly installed Cat 6...
1020,✅ Success,,"What is an 'APC' (Angled Physical Contact) fiber optic connector, and why is it ..."
1021,✅ Success,,"In an industrial plant, a communication network is being designed for critical S..."
1022,✅ Success,,What is the standard impedance of coaxial cable used for broadband video (CCTV/C...
1023,✅ Success,,"According to Saudi Aramco standard SAES-T-928, what is the required clearance de..."
1024,✅ Success,,When installing a Wireless Access Point (WAP) in an explosion-proof (Zone 1) haz...
1025,✅ Success,,What is 'Alien Crosstalk' (AXT) in data cabling?
1026,✅ Success,,"In a Public Address / General Alarm (PA/GA) system, why is a 100V (or 70V) line ..."
1027,✅ Success,,What does the term 'MAC Address' refer to in a communications network?
1028,✅ Success,,A fiber optic 'V-Groove' is commonly associated with which process?
1029,✅ Success,,What is the standard test method for determining if a fiber optic end-face is cl...
1030,✅ Success,,"In a CCTV camera installation, what does the 'Varifocal' lens feature allow the ..."
1031,✅ Success,,Which testing parameter indicates the difference in arrival time of signals on t...
1032,✅ Success,,"According to BICSI best practices, what is the minimum bend radius for a 4-pair ..."
1033,✅ Success,,What is an 'ODF' in a telecommunications room?
1034,✅ Success,,"In industrial networking, RS-485 is a standard for:"
1035,✅ Success,,"When installing conduit for telecom cables in a concrete slab, why are 'sweep' b..."
1036,✅ Success,,What is the purpose of a 'Consolidation Point' (CP) in a structured cabling desi...
1037,✅ Success,,What is the function of an 'Optical Attenuator' in a fiber optic link?
1038,✅ Success,,"In an IP-based CCTV system, what does 'PTZ' stand for?"
1039,✅ Success,,"According to Saudi Aramco standard SAES-T-888, what is the backup power requirem..."
1040,✅ Success,,"When measuring the shielding effectiveness of a coaxial cable, a 'TDR' is often ..."
1041,✅ Success,,What is 'OM3' fiber?
1042,❌ Failed,Discipline and question are required. MCQ points must be 1; other question types must be 1-10.,Describe the comprehensive quality control testing procedure for certifying a ne...
1043,❌ Failed,Discipline and question are required. MCQ points must be 1; other question types must be 1-10.,Explain the difference between Single-Mode Fiber (SMF) and Multi-Mode Fiber (MMF...
1044,❌ Failed,Discipline and question are required. MCQ points must be 1; other question types must be 1-10.,You are a QC inspector witnessing fiber optic fusion splicing. Detail the steps ...
1045,❌ Failed,Discipline and question are required. MCQ points must be 1; other question types must be 1-10.,"What is an OTDR (Optical Time-Domain Reflectometer)? Explain how it works, what ..."
1046,❌ Failed,Discipline and question are required. MCQ points must be 1; other question types must be 1-10.,Discuss the installation requirements for outside plant (OSP) buried telecommuni...
1047,❌ Failed,Discipline and question are required. MCQ points must be 1; other question types must be 1-10.,"Explain the concept of 'Power over Ethernet' (PoE). What are the advantages, wha..."
1048,❌ Failed,Discipline and question are required. MCQ points must be 1; other question types must be 1-10.,What is 'Structured Cabling'? Describe the hierarchical topology including the M...
1049,❌ Failed,Discipline and question are required. MCQ points must be 1; other question types must be 1-10.,"A CCTV camera provides a blurry image at night, but a clear image during the day..."
1050,❌ Failed,Discipline and question are required. MCQ points must be 1; other question types must be 1-10.,You are inspecting a telecommunications grounding system (TMGB/TGB). Detail the ...
1051,❌ Failed,Discipline and question are required. MCQ points must be 1; other question types must be 1-10.,Explain what a 'Split Pair' is in a UTP cable termination. Why does a simple wir...
1052,❌ Failed,Discipline and question are required. MCQ points must be 1; other question types must be 1-10.,Describe the function and inspection criteria for a Public Address / General Ala...
1053,❌ Failed,Discipline and question are required. MCQ points must be 1; other question types must be 1-10.,What are the key QC considerations when installing Wireless Access Points (WAPs)...
1054,❌ Failed,Discipline and question are required. MCQ points must be 1; other question types must be 1-10.,Discuss the safety hazards associated with working on fiber optic cables and las...
1055,❌ Failed,Discipline and question are required. MCQ points must be 1; other question types must be 1-10.,Explain the difference between 'Tier 1' and 'Tier 2' testing for fiber optic cab...
1056,❌ Failed,Discipline and question are required. MCQ points must be 1; other question types must be 1-10.,You are reviewing the 'Optical Loss Budget' calculation for a proposed 5km singl...
1057,❌ Failed,Discipline and question are required. MCQ points must be 1; other question types must be 1-10.,What is 'Return Loss' in fiber optics (ORL - Optical Return Loss)? Why is it cri...
1058,❌ Failed,Discipline and question are required. MCQ points must be 1; other question types must be 1-10.,Describe the design and QC inspection of a telecommunications equipment room (MD...
1059,❌ Failed,Discipline and question are required. MCQ points must be 1; other question types must be 1-10.,"In an Access Control System (ACS), describe the typical components at a secure d..."
1060,❌ Failed,Discipline and question are required. MCQ points must be 1; other question types must be 1-10.,What is 'Bend Radius' and why is it critical for both Copper (Cat 6A) and Fiber ...
1061,❌ Failed,Discipline and question are required. MCQ points must be 1; other question types must be 1-10.,Explain the purpose and testing of an IP-based Telephone system (VoIP). What net...
1062,✅ Success,,A contractor is pulling Cat 6 cable with a truck. What do you do and why?
1063,✅ Success,,You are inspecting a patch panel and notice the installer has untwisted 2 inches...
1064,✅ Success,,What is the difference between a 'Permanent Link' and a 'Channel' in structured ...
1065,✅ Success,,What does a flashing red laser (VFL - Visual Fault Locator) do in fiber optics?
1066,✅ Success,,Why must you never look directly into a disconnected fiber optic cable?
1067,✅ Success,,What is the difference between an SC connector and an LC connector?
1068,✅ Success,,Why do we use an OTDR instead of just a flashlight to test a long fiber cable?
1069,✅ Success,,A CCTV camera on a metal pole is showing moving horizontal lines (hum bars) on t...
1070,✅ Success,,What is 'Power over Ethernet' (PoE)?
1071,✅ Success,,Why is a 'Service Loop' (Slack loop) left at the end of a telecom cable run?
1072,✅ Success,,What is the purpose of an MDF (Main Distribution Frame)?
1073,✅ Success,,You are asked to test a fiber with an OLTS (Optical Loss Test Set). What two pie...
1074,✅ Success,,Why do we use Single-Mode Fiber for long distances instead of Multi-Mode?
1075,✅ Success,,"What color is the jacket of a standard Single-Mode fiber patch cord, and what co..."
1076,✅ Success,,What is a 'Split Pair' error in copper cabling?
1077,✅ Success,,Why must you meticulously clean a fiber optic connector before plugging it in?
1078,✅ Success,,What is 'NEXT' (Near-End Crosstalk)?
1079,✅ Success,,You are inspecting a telecom rack and see a green/yellow wire connecting the rac...
1080,✅ Success,,"What is an APC (Angled Physical Contact) fiber connector, and what color is it?"
1081,✅ Success,,"In Access Control, what is the difference between a 'Fail Safe' and 'Fail Secure..."
1082,❌ Failed,Discipline and question are required. MCQ points must be 1; other question types must be 1-10.,Demonstrate the proper technique for stripping and terminating a Cat 6 UTP cable...
1083,❌ Failed,Discipline and question are required. MCQ points must be 1; other question types must be 1-10.,"Given a Fluke DSX CableAnalyzer (or similar), demonstrate how to set up the test..."
1084,❌ Failed,Discipline and question are required. MCQ points must be 1; other question types must be 1-10.,"Inspect a physical OTDR trace printout. Identify the launch event, a fusion spli..."
1085,❌ Failed,Discipline and question are required. MCQ points must be 1; other question types must be 1-10.,Demonstrate the proper procedure for cleaning and inspecting a fiber optic SC co...
1086,❌ Failed,Discipline and question are required. MCQ points must be 1; other question types must be 1-10.,Review a telecom rack installation. Identify 3 installation errors based on BICS...
1087,❌ Failed,Discipline and question are required. MCQ points must be 1; other question types must be 1-10.,"Given a fiber optic cleaver and a piece of scrap fiber, demonstrate how to prepa..."
1088,❌ Failed,Discipline and question are required. MCQ points must be 1; other question types must be 1-10.,Calculate the Optical Loss Budget for a single-mode link: Length = 10 km (0.35 d...
1089,❌ Failed,Discipline and question are required. MCQ points must be 1; other question types must be 1-10.,Demonstrate how to use an Optical Power Meter (OPM) and Light Source to measure ...
1090,❌ Failed,Discipline and question are required. MCQ points must be 1; other question types must be 1-10.,"Evaluate a Fluke test report that shows a 'FAIL' for NEXT on Pair 3,6 / 4,5. Wha..."
1091,❌ Failed,Discipline and question are required. MCQ points must be 1; other question types must be 1-10.,Inspect an access control door installation. Verify the function of the Request ...
1092,❌ Failed,Discipline and question are required. MCQ points must be 1; other question types must be 1-10.,"Given a digital multimeter, demonstrate how to verify the grounding resistance o..."
1093,❌ Failed,Discipline and question are required. MCQ points must be 1; other question types must be 1-10.,You are handed a spool of 'Indoor/Outdoor' fiber optic cable. How do you verify ...
1094,❌ Failed,Discipline and question are required. MCQ points must be 1; other question types must be 1-10.,Demonstrate how to focus and aim a varifocal IP CCTV camera using a field test m...
1095,❌ Failed,Discipline and question are required. MCQ points must be 1; other question types must be 1-10.,Identify the color code for a 12-strand fiber optic cable buffer tube.
1096,❌ Failed,Discipline and question are required. MCQ points must be 1; other question types must be 1-10.,Evaluate a scenario: You are pulling fiber optic cable into a data center. The c...
1097,❌ Failed,Discipline and question are required. MCQ points must be 1; other question types must be 1-10.,Demonstrate how to check the connectivity and PoE power of a network wall jack u...
1098,❌ Failed,Discipline and question are required. MCQ points must be 1; other question types must be 1-10.,Inspect a PA/GA (Public Address) system speaker installation. What specific feat...
1099,❌ Failed,Discipline and question are required. MCQ points must be 1; other question types must be 1-10.,"Given a piece of RG-6 coaxial cable and a compression BNC connector, describe th..."
1100,❌ Failed,Discipline and question are required. MCQ points must be 1; other question types must be 1-10.,Review a wireless heat map (predictive survey) for an industrial warehouse. Iden...
1101,❌ Failed,Discipline and question are required. MCQ points must be 1; other question types must be 1-10.,You are commissioning a newly installed fiber optic ring network. How do you phy...
